Timecode,BlendShapeCount,EyeBlinkLeft,EyeLookDownLeft,EyeLookInLeft,EyeLookOutLeft,EyeLookUpLeft,EyeSquintLeft,EyeWideLeft,EyeBlinkRight,EyeLookDownRight,EyeLookInRight,EyeLookOutRight,EyeLookUpRight,EyeSquintRight,EyeWideRight,JawForward,JawRight,JawLeft,JawOpen,MouthClose,MouthFunnel,MouthPucker,MouthRight,MouthLeft,MouthSmileLeft,MouthSmileRight,MouthFrownLeft,MouthFrownRight,MouthDimpleLeft,MouthDimpleRight,MouthStretchLeft,MouthStretchRight,MouthRollLower,MouthRollUpper,MouthShrugLower,MouthShrugUpper,MouthPressLeft,MouthPressRight,MouthLowerDownLeft,MouthLowerDownRight,MouthUpperUpLeft,MouthUpperUpRight,BrowDownLeft,BrowDownRight,BrowInnerUp,BrowOuterUpLeft,BrowOuterUpRight,CheekPuff,CheekSquintLeft,CheekSquintRight,NoseSneerLeft,NoseSneerRight,TongueOut,HeadYaw,HeadPitch,HeadRoll,LeftEyeYaw,LeftEyePitch,LeftEyeRoll,RightEyeYaw,RightEyePitch,RightEyeRoll
00:00:00:01.001,51,0.11733060,0.18357788,0.20758107,0.02790979,0.04860202,0.34338242,0.00521958,0.06477024,0.16739362,0.01164191,0.22884054,0.05752239,0.33392572,0.00784608,0.00012750,0.00007127,0.00246498,0.01473731,0.00087887,0.00046822,0.00395376,0.00014260,0.00242366,0.00036647,0.00024580,0.00038570,0.00051114,0.01365391,0.00625278,0.00047866,0.00092527,0.04025453,0.05279522,0.00434479,0.00287265,0.05153468,0.04348984,0.00274605,0.00335134,0.00003346,0.00003620,0.00000077,0.39680627,0.00080560,0.00145616,0.00263075,0.00002678,0.00000011,0.00000026,0.00000038,0.00000077,0,0.005153837563296804,-0.023220456124651127,0.04817802048489007,0.4057948589324951,0.44209831953048706,0,0.4057948589324951,0.44209831953048706,0
00:00:00:02.002,51,0.11780734,0.19833963,0.21329978,0.02677468,0.04456043,0.34832036,0.00526153,0.06812878,0.18269716,0.01161641,0.22577825,0.05172683,0.31683323,0.00740989,0.00014182,0.00006044,0.00269979,0.01370548,0.00087576,0.00050593,0.00382319,0.00012269,0.00274743,0.00046301,0.00029815,0.00037769,0.00046507,0.01194572,0.00610178,0.00064312,0.00086026,0.03040163,0.04907671,0.00310605,0.00233519,0.05139377,0.04268509,0.00295366,0.00335790,0.00002979,0.00003070,0.00000074,0.40798032,0.00081113,0.00139128,0.00247895,0.00002695,0.00000010,0.00000024,0.00000039,0.00000074,0,0.002891454312525118,-0.023135861959232326,0.04844422808144926,0.4051384925842285,0.4422954022884369,0,0.4051384925842285,0.4422954022884369,0
00:00:00:03.003,51,0.19935732,0.27495238,0.18683289,0.03258447,0.03641358,0.40666211,0.00324322,0.10719892,0.24551025,0.01325114,0.23167115,0.04122896,0.40250391,0.00462889,0.00013542,0.00006415,0.00375449,0.01653682,0.00162963,0.00037638,0.00547721,0.00008621,0.00355266,0.00023476,0.00013084,0.00033169,0.00048203,0.01627299,0.00469272,0.00043291,0.00113159,0.05044926,0.08971350,0.00351885,0.00075213,0.05705430,0.03917162,0.00236560,0.00289159,0.00000818,0.00000741,0.00000059,0.50837350,0.00024854,0.00076292,0.00219761,0.00002341,0.00000007,0.00000029,0.00000026,0.00000059,0,0.0023177144429306824,-0.02120878823066753,0.0478965814222295,0.4058305621147156,0.44445037841796875,0,0.4058305621147156,0.44445037841796875,0
00:00:00:04.004,51,0.73048645,0.75300241,0.12204278,0.05336163,0.00372422,0.48751846,0.00042768,0.56838602,0.69633627,0.17905974,0.01841739,0.00706209,0.64399087,0.00022333,0.00016157,0.00005544,0.00454838,0.02246134,0.00217010,0.00039395,0.00750296,0.00010023,0.00400552,0.00027907,0.00013601,0.00033238,0.00036135,0.01471027,0.00595973,0.00067969,0.00093544,0.03545338,0.07516537,0.00224271,0.00078474,0.03811218,0.01946878,0.00269985,0.00464297,0.00003088,0.00002595,0.00000027,0.47308499,0.00171706,0.00082634,0.00115733,0.00002205,0.00000005,0.00000027,0.00000053,0.00000027,0,0.041178069194921896,-0.024511500786829062,0.03746145803537963,0.4177316725254059,0.4529016613960266,0,0.4177316725254059,0.4529016613960266,0
00:00:00:05.005,51,0.74025726,0.75205189,0.06825375,0.10859440,0.00394826,0.45732442,0.00042301,0.60361648,0.76924407,0.16241316,0.01808347,0.00440396,0.58366096,0.00021056,0.00015524,0.00004142,0.00407034,0.01486350,0.00168828,0.00028843,0.00455862,0.00011837,0.00356472,0.00057282,0.00028168,0.00027606,0.00032189,0.02027697,0.00636754,0.00081629,0.00133060,0.02692468,0.05821685,0.00244248,0.00058331,0.05712011,0.02326927,0.00177455,0.00322680,0.00002594,0.00002124,0.00000031,0.41742751,0.00284247,0.00136219,0.00160084,0.00001837,0.00000004,0.00000032,0.00000062,0.00000031,0,0.04910095862741438,-0.02815926758224608,0.03840717546241113,0.4164491593837738,0.4562477171421051,0,0.4164491593837738,0.4562477171421051,0
00:00:00:06.006,51,0.72519547,0.75037682,0.06534786,0.11416022,0.00375020,0.47365236,0.00042877,0.59467721,0.77363789,0.17175934,0.01650890,0.00399473,0.56516516,0.00020274,0.00025882,0.00004874,0.00348839,0.01551077,0.00139708,0.00074483,0.00695984,0.00017452,0.00256717,0.00076595,0.00047706,0.00019559,0.00017648,0.00985678,0.00981376,0.00094651,0.00081525,0.01138678,0.03205717,0.00077711,0.00081541,0.02840344,0.01955273,0.00408335,0.00687202,0.00005497,0.00006039,0.00000030,0.34821731,0.00475963,0.00150087,0.00178088,0.00002190,0.00000004,0.00000021,0.00000078,0.00000030,0,0.055400163703572605,-0.023585749676129825,0.034157834172213644,0.41683751344680786,0.45683830976486206,0,0.41683751344680786,0.45683830976486206,0
00:00:00:07.007,51,0.64250481,0.68288434,0.11443833,0.05519773,0.00584485,0.44983056,0.00059631,0.50256145,0.69449735,0.11736840,0.03357760,0.00723318,0.63515955,0.00033496,0.00017538,0.00004267,0.00505920,0.02142082,0.00224157,0.00035272,0.00432261,0.00005141,0.00771800,0.00051541,0.00027639,0.00012950,0.00014879,0.02621322,0.00995481,0.00055875,0.00082233,0.03349518,0.10201375,0.00160192,0.00044446,0.05031461,0.03170174,0.00256633,0.00374629,0.00002184,0.00001768,0.00000028,0.44492412,0.00200540,0.00099409,0.00113831,0.00002305,0.00000003,0.00000028,0.00000036,0.00000028,0,0.04703318619163436,-0.02383080077498627,0.04052967879364283,0.414985716342926,0.45247751474380493,0,0.414985716342926,0.45247751474380493,0
00:00:00:08.008,51,0.50471961,0.50571644,0.09848224,0.05594625,0.01112744,0.43995520,0.00094845,0.25279787,0.52209854,0.03824324,0.11475681,0.01551893,0.41851330,0.00123754,0.00013045,0.00003593,0.00344233,0.01195555,0.00095385,0.00025138,0.00327159,0.00005059,0.00597794,0.00044380,0.00025019,0.00046632,0.00049833,0.01317577,0.00709342,0.00088035,0.00087407,0.03352112,0.04774613,0.00424371,0.00125941,0.04890832,0.03835558,0.00174348,0.00221310,0.00002490,0.00002324,0.00000042,0.45217586,0.00076126,0.00089394,0.00184913,0.00002109,0.00000005,0.00000020,0.00000031,0.00000042,0,0.034826161335864525,-0.019327867633184274,0.04903562575915635,0.4062614440917969,0.44834449887275696,0,0.4062614440917969,0.44834449887275696,0
00:00:00:09.009,51,0.28598142,0.27938560,0.13104895,0.04712654,0.03623707,0.46287206,0.00214561,0.19293456,0.26248544,0.01949631,0.19778173,0.03822058,0.40448862,0.00188299,0.00010297,0.00003540,0.00288287,0.01070962,0.00096873,0.00018087,0.00240692,0.00003482,0.00555585,0.00030748,0.00021351,0.00215118,0.00250780,0.00512799,0.00390904,0.00118121,0.00224306,0.03631976,0.03832525,0.00790729,0.00153214,0.03489344,0.04836020,0.00148637,0.00143753,0.00001777,0.00001977,0.00000069,0.38336501,0.00139998,0.00088557,0.00245508,0.00001880,0.00000008,0.00000019,0.00000031,0.00000069,0,0.0168962326910242,-0.01557254639373921,0.04261165933767468,0.40532732009887695,0.4441775977611542,0,0.40532732009887695,0.4441775977611542,0
00:00:00:10.010,51,0.22850707,0.18485191,0.10738607,0.05880651,0.05302383,0.43477592,0.00290119,0.15075357,0.17786396,0.01571107,0.23100446,0.05800939,0.40677020,0.00262459,0.00013003,0.00004736,0.00263592,0.01128374,0.00079307,0.00024662,0.00362893,0.00002415,0.00691610,0.00022837,0.00013728,0.00255933,0.00332310,0.00678678,0.00231714,0.00104090,0.00230429,0.03601310,0.03576481,0.00582628,0.00174129,0.03250165,0.03369798,0.00236165,0.00278753,0.00002198,0.00002099,0.00000088,0.38337317,0.00093158,0.00121868,0.00331690,0.00002406,0.00000010,0.00000023,0.00000041,0.00000088,0,0.015382797571114333,-0.016419539916352945,0.0446158066690543,0.40350931882858276,0.44198113679885864,0,0.40350931882858276,0.44198113679885864,0
00:00:00:11.011,51,0.17235579,0.14193822,0.10852603,0.05505107,0.06770699,0.40062127,0.00398556,0.09031007,0.13350481,0.01880613,0.19779697,0.07850154,0.38963813,0.00509608,0.00013534,0.00005302,0.00259753,0.01162286,0.00088042,0.00029914,0.00438018,0.00002941,0.00692189,0.00026452,0.00014549,0.00146537,0.00193886,0.00925157,0.00232216,0.00103317,0.00164253,0.03488391,0.03835301,0.00479089,0.00162513,0.03595507,0.02871046,0.00240518,0.00270741,0.00001970,0.00001733,0.00000080,0.39099959,0.00101579,0.00111283,0.00304395,0.00002389,0.00000010,0.00000025,0.00000040,0.00000080,0,0.012666978294216504,-0.017855698737954884,0.04578698755480231,0.4031268060207367,0.438735693693161,0,0.4031268060207367,0.438735693693161,0
00:00:00:12.012,51,0.14945297,0.12917534,0.08486198,0.06557420,0.07011772,0.37256494,0.00469737,0.07117402,0.12189460,0.02105293,0.17999876,0.08212967,0.33371669,0.00644463,0.00012334,0.00005539,0.00261894,0.01219019,0.00077852,0.00032776,0.00558325,0.00003776,0.00548954,0.00018234,0.00009559,0.00197394,0.00262822,0.00860628,0.00186856,0.00094647,0.00140448,0.04337820,0.03698408,0.00654854,0.00250556,0.03300498,0.02368273,0.00250706,0.00299456,0.00002568,0.00002336,0.00000095,0.34549990,0.00172425,0.00164883,0.00347571,0.00002438,0.00000012,0.00000028,0.00000048,0.00000095,0,0.0114694394909422,-0.013122425159605941,0.04227926846122099,0.40303683280944824,0.43834277987480164,0,0.40303683280944824,0.43834277987480164,0
00:00:00:13.013,51,0.14884998,0.13760519,0.09825352,0.06346895,0.06645279,0.36942500,0.00492964,0.07288873,0.13051417,0.01631212,0.22352090,0.07387133,0.32449654,0.00624970,0.00017728,0.00004829,0.00267814,0.01174548,0.00081462,0.00036900,0.00369855,0.00003253,0.00662683,0.00039107,0.00024136,0.00102578,0.00132319,0.00981270,0.00332366,0.00097201,0.00156514,0.02951693,0.03518607,0.00324935,0.00159740,0.03742208,0.03589190,0.00353256,0.00375308,0.00002460,0.00002317,0.00000091,0.37952581,0.00126474,0.00134664,0.00289927,0.00002868,0.00000010,0.00000026,0.00000043,0.00000091,0,0.025745890640819422,-0.012928572703571997,0.04461886917767002,0.40288490056991577,0.437885582447052,0,0.40288490056991577,0.437885582447052,0
00:00:00:14.014,51,0.13934103,0.13138431,0.09425827,0.06146713,0.06800500,0.36504915,0.00513386,0.06938892,0.12481852,0.01763668,0.20366389,0.08017492,0.31943163,0.00707805,0.00013041,0.00005160,0.00362636,0.01326243,0.00084049,0.00045804,0.01109049,0.00003837,0.00634853,0.00010677,0.00005423,0.00156404,0.00200446,0.00656656,0.00185267,0.00074609,0.00098189,0.04254978,0.03476588,0.00514724,0.00225567,0.02436657,0.02005822,0.00349144,0.00387434,0.00002247,0.00001930,0.00000090,0.34181568,0.00163093,0.00152877,0.00385941,0.00002501,0.00000013,0.00000027,0.00000052,0.00000090,0,0.005475495807108252,-0.011691288831202722,0.04141158922036187,0.40290290117263794,0.4380623698234558,0,0.40290290117263794,0.4380623698234558,0
00:00:00:15.015,51,0.12947825,0.14037839,0.09927996,0.05606913,0.06689846,0.36970505,0.00566680,0.05685739,0.13319896,0.02205877,0.16967507,0.07758477,0.29035878,0.00851209,0.00013360,0.00003642,0.00402702,0.01141030,0.00074439,0.00034145,0.00569820,0.00003628,0.00574344,0.00020675,0.00011026,0.00185528,0.00224678,0.00633655,0.00223931,0.00112274,0.00121667,0.03414227,0.03150843,0.00514990,0.00225769,0.02872106,0.02559858,0.00294745,0.00311432,0.00002250,0.00002113,0.00000089,0.32207182,0.00199710,0.00151901,0.00392145,0.00002428,0.00000011,0.00000026,0.00000049,0.00000089,0,0.010627357089832028,-0.012625715394926823,0.04279263463023807,0.4025874733924866,0.43852347135543823,0,0.4025874733924866,0.43852347135543823,0
00:00:00:16.016,51,0.12732758,0.14981931,0.09378931,0.05491313,0.06390060,0.36455688,0.00565284,0.05492678,0.14129454,0.02939083,0.13205367,0.07487175,0.29365063,0.00897381,0.00013609,0.00005265,0.00285387,0.01232334,0.00080403,0.00036216,0.00495429,0.00005958,0.00410005,0.00024125,0.00012913,0.00102919,0.00142533,0.01025444,0.00266536,0.00078358,0.00132767,0.03761344,0.03990014,0.00467956,0.00204390,0.03934735,0.02791104,0.00275508,0.00321707,0.00002237,0.00001919,0.00000085,0.33513850,0.00159813,0.00153010,0.00373815,0.00002479,0.00000010,0.00000029,0.00000048,0.00000085,0,0.013679057589379612,-0.017790709098979486,0.04537574110851593,0.4028521478176117,0.43866264820098877,0,0.4028521478176117,0.43866264820098877,0
00:00:00:17.017,51,0.12411178,0.13800284,0.13566722,0.04365756,0.06510553,0.35020736,0.00569858,0.07316124,0.13231924,0.01488884,0.21613260,0.07267664,0.30829492,0.00638928,0.00013474,0.00004125,0.00271963,0.00990419,0.00062343,0.00033131,0.00375507,0.00003971,0.00504365,0.00032305,0.00018776,0.00189449,0.00275539,0.01006644,0.00182934,0.00106401,0.00234577,0.03083408,0.02980466,0.00499586,0.00244262,0.04135987,0.02893556,0.00253295,0.00306757,0.00003078,0.00002693,0.00000109,0.31283605,0.00203611,0.00200927,0.00441363,0.00002434,0.00000011,0.00000031,0.00000061,0.00000109,0,0.01271494623918831,-0.010053778361758707,0.04064435237330176,0.4021480083465576,0.4389488995075226,0,0.4021480083465576,0.4389488995075226,0
00:00:00:18.018,51,0.13478753,0.27109900,0.08183607,0.05839033,0.03396178,0.37806442,0.00560178,0.05640801,0.25604099,0.03729707,0.10819735,0.03603454,0.26566347,0.00830779,0.00017681,0.00003845,0.00291360,0.01195576,0.00088581,0.00036097,0.00306655,0.00004035,0.00527530,0.00048202,0.00028466,0.00124634,0.00135496,0.00606867,0.00357901,0.00163222,0.00127644,0.02313019,0.03457632,0.00272830,0.00165398,0.03770807,0.03665648,0.00302867,0.00311641,0.00002428,0.00002567,0.00000079,0.40652767,0.00079137,0.00109477,0.00274103,0.00002647,0.00000007,0.00000024,0.00000039,0.00000079,0,0.019227018106393018,-0.020974252604025457,0.04865160367464471,0.40389472246170044,0.4431881904602051,0,0.40389472246170044,0.4431881904602051,0
00:00:00:19.019,51,0.77390093,0.82715237,0.16452675,0.03560932,0.00242223,0.47420973,0.00037246,0.66607565,0.75850332,0.19025642,0.02059240,0.00399353,0.60743272,0.00014712,0.00020314,0.00005958,0.00358053,0.01670387,0.00140752,0.00036544,0.00390100,0.00011450,0.00364370,0.00059330,0.00039717,0.00049018,0.00048416,0.01076129,0.01019827,0.00089328,0.00133277,0.02931790,0.05931200,0.00252770,0.00124840,0.03714687,0.03533929,0.00347734,0.00471364,0.00005957,0.00005935,0.00000035,0.36396796,0.00577727,0.00097114,0.00154042,0.00002512,0.00000006,0.00000025,0.00000076,0.00000035,0,0.05391592991128594,-0.028892028837654557,0.04764755865058793,0.41445302963256836,0.45804494619369507,0,0.41445302963256836,0.45804494619369507,0
00:00:00:20.020,51,0.77726209,0.80312872,0.11756258,0.05185534,0.00273481,0.43517566,0.00034953,0.63018763,0.80030787,0.13039014,0.03021615,0.00289774,0.47227463,0.00019057,0.00022897,0.00003896,0.00384109,0.01267104,0.00122426,0.00033024,0.00303777,0.00005735,0.00611649,0.00106828,0.00063776,0.00050129,0.00052514,0.01571880,0.00753360,0.00126855,0.00179632,0.02161998,0.04089890,0.00221564,0.00102447,0.04722307,0.03071898,0.00262979,0.00417356,0.00005553,0.00005027,0.00000042,0.29289976,0.00776028,0.00157772,0.00268598,0.00002335,0.00000005,0.00000032,0.00000084,0.00000042,0,0.04847065325131987,-0.03135637564692114,0.050399214387396925,0.41152334213256836,0.45969364047050476,0,0.41152334213256836,0.45969364047050476,0
00:00:00:21.021,51,0.76455456,0.80944133,0.17990297,0.03099245,0.00300312,0.53035873,0.00040843,0.67380702,0.75300813,0.17448938,0.02544640,0.00400080,0.62182117,0.00013791,0.00018688,0.00004436,0.00396129,0.01382273,0.00127085,0.00026381,0.00273219,0.00006302,0.00621769,0.00077260,0.00051167,0.00048889,0.00047875,0.01411589,0.01200946,0.00099933,0.00133189,0.03174187,0.06319090,0.00335408,0.00102367,0.04413827,0.04327524,0.00252954,0.00327597,0.00004308,0.00004404,0.00000033,0.38643685,0.00638749,0.00090401,0.00133212,0.00002403,0.00000005,0.00000025,0.00000062,0.00000033,0,0.04620213245950067,-0.02547384801632787,0.0442156421449611,0.4138886332511902,0.45743611454963684,0,0.4138886332511902,0.45743611454963684,0
00:00:00:22.022,51,0.57941222,0.61695582,0.08881175,0.07045338,0.00917302,0.51752830,0.00076750,0.44427785,0.62293440,0.08908038,0.04219611,0.01071623,0.54440761,0.00040441,0.00016395,0.00005085,0.00403677,0.02143077,0.00189602,0.00030371,0.00472648,0.00003231,0.00741940,0.00023957,0.00015465,0.00039519,0.00046641,0.01083511,0.00534993,0.00058409,0.00135183,0.02741795,0.08907206,0.00157728,0.00052968,0.02354680,0.02414765,0.00289391,0.00388314,0.00001853,0.00001684,0.00000031,0.40795293,0.00209326,0.00076072,0.00124548,0.00002027,0.00000003,0.00000021,0.00000037,0.00000031,0,0.036723803760714456,-0.0221560073744806,0.04497420335372861,0.41177695989608765,0.4503946006298065,0,0.41177695989608765,0.4503946006298065,0
00:00:00:23.023,51,0.24656822,0.22600418,0.10285724,0.05775355,0.04302001,0.42184386,0.00315444,0.14519082,0.22302203,0.02131903,0.18233536,0.04394008,0.34490258,0.00266674,0.00019859,0.00003789,0.00256875,0.01057081,0.00067592,0.00033819,0.00262397,0.00002813,0.00648492,0.00048804,0.00032336,0.00123771,0.00152027,0.00832048,0.00322065,0.00113108,0.00213176,0.02020343,0.03329481,0.00220534,0.00134140,0.03507587,0.03429576,0.00336949,0.00409935,0.00002782,0.00002997,0.00000086,0.31514272,0.00221701,0.00159109,0.00329014,0.00002598,0.00000007,0.00000022,0.00000051,0.00000086,0,0.027880804264080867,-0.013585868069555307,0.04405227757073996,0.4033089578151703,0.44404473900794983,0,0.4033089578151703,0.44404473900794983,0
00:00:00:24.024,51,0.19301227,0.17405017,0.08093569,0.06537168,0.05535618,0.36937445,0.00375924,0.09589486,0.16678542,0.03098126,0.13362016,0.06271185,0.37862277,0.00473317,0.00019865,0.00004238,0.00251796,0.01137869,0.00076689,0.00037606,0.00331787,0.00003197,0.00584747,0.00044623,0.00026340,0.00131071,0.00180413,0.00954639,0.00219726,0.00118168,0.00239606,0.02133751,0.03260414,0.00224202,0.00148582,0.03685553,0.02723630,0.00332180,0.00414751,0.00002914,0.00002636,0.00000094,0.35016155,0.00184350,0.00133355,0.00298634,0.00002566,0.00000008,0.00000025,0.00000052,0.00000094,0,0.023038886513556428,-0.01754768060674526,0.04589312464317846,0.40330857038497925,0.44047653675079346,0,0.40330857038497925,0.44047653675079346,0
00:00:00:25.025,51,0.16474518,0.17964935,0.08049804,0.06232711,0.05194147,0.36426562,0.00465078,0.07443739,0.17396066,0.03159551,0.12641983,0.05817962,0.30896914,0.00597516,0.00013578,0.00004737,0.00237124,0.01065916,0.00077422,0.00032215,0.00499282,0.00002525,0.00786986,0.00021712,0.00011656,0.00180047,0.00271918,0.01079550,0.00158665,0.00091295,0.00215884,0.03751798,0.03177828,0.00558210,0.00188862,0.03808507,0.02627182,0.00242597,0.00292774,0.00002373,0.00001834,0.00000092,0.32830527,0.00251216,0.00141885,0.00391260,0.00002176,0.00000009,0.00000031,0.00000052,0.00000092,0,0.006163061680272079,-0.011721361874559565,0.04438315538344146,0.4032517373561859,0.44068437814712524,0,0.4032517373561859,0.44068437814712524,0
00:00:00:26.026,51,0.17769915,0.15077727,0.09147372,0.06219152,0.06506431,0.37085685,0.00382003,0.09455176,0.14251789,0.02457592,0.16074383,0.07147040,0.35762966,0.00485392,0.00012938,0.00003468,0.00293515,0.00891822,0.00081237,0.00034060,0.00411515,0.00005447,0.00516463,0.00047881,0.00027336,0.00061529,0.00088358,0.01418993,0.00274408,0.00088118,0.00170136,0.02284498,0.02886611,0.00421607,0.00159836,0.04559703,0.02849010,0.00158283,0.00184709,0.00001916,0.00001719,0.00000070,0.32513493,0.00139171,0.00173911,0.00381321,0.00001934,0.00000007,0.00000025,0.00000045,0.00000070,0,0.014604230905880174,-0.014784602346705837,0.048164002628367855,0.40343064069747925,0.4407738447189331,0,0.40343064069747925,0.4407738447189331,0
00:00:00:27.027,51,0.14223523,0.16675568,0.08144716,0.06211668,0.05673879,0.35521075,0.00549479,0.06730386,0.15824191,0.03043630,0.13145489,0.06508286,0.31513619,0.00728336,0.00012399,0.00005058,0.00263876,0.01175933,0.00073316,0.00033782,0.00529643,0.00003322,0.00686879,0.00017538,0.00010163,0.00126634,0.00188064,0.01037581,0.00228313,0.00064814,0.00158537,0.04259920,0.04112016,0.00558414,0.00202114,0.03281584,0.02861441,0.00270115,0.00295500,0.00002206,0.00001874,0.00000092,0.30944741,0.00303083,0.00199359,0.00378811,0.00002221,0.00000010,0.00000029,0.00000050,0.00000092,0,0.010593095282923433,-0.013936454989751055,0.04167598282117528,0.40349775552749634,0.4400099515914917,0,0.40349775552749634,0.4400099515914917,0
00:00:00:28.028,51,0.14653076,0.14655261,0.06477869,0.07430650,0.06498168,0.35697004,0.00524262,0.06993212,0.13806815,0.03721578,0.11521119,0.07681024,0.33601367,0.00696489,0.00009646,0.00005388,0.00305753,0.01139861,0.00074311,0.00029533,0.00759587,0.00002893,0.00972141,0.00011226,0.00005765,0.00093084,0.00136587,0.01205015,0.00252423,0.00052194,0.00099442,0.06209906,0.05039172,0.00922752,0.00185798,0.03520177,0.02940121,0.00218781,0.00220500,0.00001407,0.00001162,0.00000071,0.29902732,0.00239805,0.00213098,0.00486429,0.00002031,0.00000009,0.00000029,0.00000045,0.00000071,0,0.005841548376826527,-0.015595008162772017,0.04135049698491793,0.40382689237594604,0.4396370053291321,0,0.40382689237594604,0.4396370053291321,0
00:00:00:29.029,51,0.14337854,0.17840235,0.06265507,0.07188359,0.05290125,0.34032235,0.00488834,0.07788214,0.16469313,0.04547863,0.09612655,0.06204996,0.36130694,0.00635785,0.00009809,0.00005751,0.00199192,0.01016174,0.00072319,0.00026224,0.00478815,0.00003927,0.00728422,0.00019193,0.00011540,0.00090212,0.00125751,0.01068352,0.00372704,0.00064853,0.00130522,0.05199458,0.04001379,0.00887780,0.00187608,0.04310581,0.04473592,0.00202117,0.00186651,0.00001687,0.00001565,0.00000067,0.32489464,0.00175865,0.00206485,0.00421822,0.00001925,0.00000009,0.00000027,0.00000041,0.00000067,0,0.006533430909841158,-0.023927501569585438,0.044749020572281646,0.4040755331516266,0.4403371214866638,0,0.4040755331516266,0.4403371214866638,0
00:00:00:30.030,51,0.14537823,0.18850167,0.05301945,0.08218844,0.04839834,0.31455284,0.00476844,0.07069144,0.17189778,0.04823209,0.09113521,0.05837882,0.35133368,0.00728112,0.00011189,0.00006313,0.00205432,0.00962579,0.00063638,0.00037839,0.00824579,0.00003908,0.00790758,0.00014060,0.00007346,0.00085326,0.00125218,0.01057645,0.00233420,0.00060633,0.00117734,0.04048470,0.03655159,0.00651084,0.00196974,0.03845868,0.03021097,0.00227513,0.00238783,0.00001893,0.00001516,0.00000068,0.38709927,0.00089725,0.00161926,0.00378637,0.00001919,0.00000009,0.00000028,0.00000049,0.00000068,0,0.007154510515526227,-0.021427264987111373,0.045714362761469465,0.4047086834907532,0.4411665201187134,0,0.4047086834907532,0.4411665201187134,0
00:00:01:00.031,51,0.13777575,0.18703090,0.06554409,0.07340170,0.05295279,0.32804766,0.00531043,0.05713131,0.16980590,0.04600889,0.09792089,0.06397095,0.32375759,0.00986272,0.00009897,0.00006894,0.00274437,0.01134806,0.00088652,0.00041150,0.01267698,0.00006447,0.00659375,0.00011163,0.00006015,0.00032968,0.00045033,0.00879852,0.00372288,0.00040852,0.00064506,0.03898476,0.04805970,0.00514907,0.00138955,0.02824535,0.02587718,0.00194882,0.00183474,0.00001025,0.00000911,0.00000049,0.33348584,0.00094498,0.00188174,0.00465072,0.00001769,0.00000007,0.00000022,0.00000039,0.00000049,0,0.017116405308263388,-0.023423655499035755,0.047951591857202644,0.4046500325202942,0.4403817057609558,0,0.4046500325202942,0.4403817057609558,0
00:00:01:01.032,51,0.13015321,0.17715801,0.07141963,0.06712345,0.05432944,0.34981877,0.00584754,0.07157645,0.17482398,0.04109718,0.10293239,0.05920337,0.30450016,0.00734470,0.00012944,0.00004337,0.00387391,0.01173916,0.00088178,0.00051738,0.01030196,0.00005905,0.00667286,0.00020157,0.00009661,0.00025791,0.00031139,0.01220735,0.00389042,0.00057558,0.00048618,0.03004316,0.03939999,0.00313260,0.00131990,0.03554418,0.02305950,0.00257044,0.00277449,0.00001402,0.00001192,0.00000048,0.31549990,0.00124875,0.00191893,0.00439284,0.00002242,0.00000006,0.00000022,0.00000043,0.00000048,0,0.008706783075504848,-0.022632979912128925,0.0446750704996545,0.40500354766845703,0.4415130317211151,0,0.40500354766845703,0.4415130317211151,0
00:00:01:02.033,51,0.15169397,0.21638271,0.06549869,0.07284679,0.04523913,0.36799738,0.00505973,0.09442878,0.21429463,0.04200840,0.10632616,0.04771758,0.34545863,0.00562722,0.00011706,0.00005378,0.00343618,0.01396942,0.00104030,0.00038543,0.00884625,0.00005228,0.00683715,0.00014182,0.00007401,0.00035084,0.00041636,0.00927720,0.00431102,0.00052366,0.00053924,0.04187523,0.05575741,0.00401245,0.00105973,0.03298406,0.02945621,0.00256454,0.00255664,0.00001055,0.00001037,0.00000049,0.34880659,0.00099497,0.00162848,0.00385494,0.00002204,0.00000006,0.00000021,0.00000035,0.00000049,0,0.015754943874431687,-0.022002795992011468,0.04611721192968652,0.4060184061527252,0.44279366731643677,0,0.4060184061527252,0.44279366731643677,0
00:00:01:03.034,51,0.62981617,0.67059237,0.14784364,0.03922055,0.00663058,0.50112939,0.00065142,0.51655221,0.63491225,0.14349231,0.02794334,0.00867509,0.64077526,0.00027565,0.00020518,0.00004165,0.00344304,0.01733306,0.00166718,0.00023991,0.00181305,0.00003921,0.00509279,0.00073914,0.00048442,0.00074219,0.00083809,0.01318928,0.00766559,0.00110255,0.00249420,0.02647652,0.06219571,0.00208405,0.00062921,0.04312105,0.04253909,0.00292804,0.00408264,0.00003162,0.00002907,0.00000039,0.33367562,0.00355390,0.00108991,0.00174057,0.00002357,0.00000004,0.00000026,0.00000046,0.00000039,0,0.036102167361565976,-0.01721992643550254,0.04367350252178106,0.41608113050460815,0.45400184392929077,0,0.41608113050460815,0.45400184392929077,0
00:00:01:04.035,51,0.74897408,0.78093797,0.09945785,0.06906266,0.00349482,0.50068843,0.00045461,0.62507337,0.78708577,0.15257956,0.02254840,0.00321099,0.56602526,0.00018645,0.00024220,0.00003892,0.00549814,0.01721316,0.00143402,0.00042495,0.00372219,0.00005554,0.00728119,0.00069495,0.00039893,0.00023573,0.00028649,0.02172122,0.00817364,0.00065745,0.00143038,0.02726932,0.06725007,0.00161231,0.00075900,0.04866726,0.03168095,0.00377754,0.00606447,0.00005117,0.00003964,0.00000042,0.30465057,0.00564703,0.00159334,0.00263595,0.00002722,0.00000005,0.00000033,0.00000077,0.00000042,0,0.051895297965377486,-0.024339097059145356,0.043039082163197455,0.4156140387058258,0.4588291049003601,0,0.4156140387058258,0.4588291049003601,0
00:00:01:05.036,51,0.67650574,0.68273550,0.11081751,0.05143984,0.00585260,0.54770088,0.00054540,0.52169383,0.70115173,0.09885339,0.03954355,0.00700536,0.62774110,0.00027285,0.00015563,0.00004520,0.00443006,0.01750553,0.00117235,0.00025595,0.00551744,0.00005581,0.00409188,0.00016302,0.00010211,0.00115836,0.00129810,0.00668737,0.00535119,0.00065673,0.00170552,0.03442885,0.05459523,0.00295472,0.00086821,0.02072962,0.02461736,0.00359420,0.00503361,0.00002652,0.00002658,0.00000043,0.37847444,0.00303721,0.00112867,0.00173642,0.00001940,0.00000006,0.00000024,0.00000058,0.00000043,0,0.0314024101741552,-0.021045417979066474,0.04248336356745416,0.4142910838127136,0.45379239320755005,0,0.4142910838127136,0.45379239320755005,0
00:00:01:06.037,51,0.32938364,0.36430711,0.04834450,0.09612731,0.02597008,0.42653474,0.00240768,0.19119707,0.35464430,0.06399209,0.07969271,0.02566225,0.37050009,0.00189979,0.00012509,0.00003187,0.00368243,0.01019567,0.00087437,0.00031438,0.00656961,0.00002775,0.01190313,0.00023183,0.00011661,0.00028253,0.00033713,0.01468350,0.00410407,0.00064218,0.00065379,0.02756529,0.04353499,0.00335744,0.00078790,0.03664221,0.02412783,0.00171184,0.00200202,0.00001067,0.00001022,0.00000038,0.28058466,0.00318321,0.00190210,0.00411976,0.00001799,0.00000003,0.00000018,0.00000036,0.00000038,0,0.025158469122516052,-0.009826065383935077,0.04284336922373076,0.408366858959198,0.44815170764923096,0,0.408366858959198,0.44815170764923096,0
00:00:01:07.038,51,0.27489856,0.25101504,0.06424981,0.07668288,0.04099693,0.43614301,0.00266574,0.16931255,0.24972899,0.04462029,0.10279209,0.04343853,0.38788831,0.00239934,0.00015633,0.00003116,0.00395446,0.01279345,0.00084809,0.00025565,0.00328869,0.00003196,0.00657855,0.00030523,0.00014101,0.00088299,0.00098526,0.01127305,0.00336866,0.00114224,0.00101029,0.03358885,0.05312834,0.00322770,0.00087210,0.04941370,0.03031568,0.00274482,0.00362559,0.00001551,0.00001514,0.00000060,0.33827507,0.00164113,0.00131860,0.00332329,0.00002544,0.00000005,0.00000022,0.00000039,0.00000060,0,0.01728351033581,-0.020460419974879778,0.04225843836708801,0.4077824652194977,0.4454250633716583,0,0.4077824652194977,0.4454250633716583,0
00:00:01:08.039,51,0.20375203,0.20003636,0.05955360,0.08215068,0.05044787,0.42213592,0.00382370,0.11872256,0.19980028,0.04309036,0.10644862,0.05324114,0.36101153,0.00390901,0.00013405,0.00004136,0.00390785,0.01259539,0.00087736,0.00040460,0.00709303,0.00004091,0.00781454,0.00019492,0.00009487,0.00038564,0.00047530,0.01179408,0.00328583,0.00062899,0.00066278,0.03188599,0.04829856,0.00334878,0.00117250,0.03577204,0.02400560,0.00241239,0.00276750,0.00001444,0.00001303,0.00000055,0.30074197,0.00157468,0.00185261,0.00415080,0.00002238,0.00000006,0.00000021,0.00000042,0.00000055,0,0.025876308060254233,-0.01566212493591747,0.0444811317599673,0.408074289560318,0.4441331624984741,0,0.408074289560318,0.4441331624984741,0
00:00:01:09.040,51,0.17750685,0.18991479,0.05307315,0.08752250,0.05109738,0.37854168,0.00436854,0.10300830,0.18591788,0.04233273,0.10896785,0.05571192,0.36858332,0.00477028,0.00013597,0.00003812,0.00373587,0.01400276,0.00086131,0.00029626,0.00385506,0.00002210,0.00981256,0.00020867,0.00010822,0.00116460,0.00147600,0.01021455,0.00324005,0.00084505,0.00104137,0.04924401,0.05383425,0.00563821,0.00167974,0.03939190,0.03702792,0.00299290,0.00312766,0.00001969,0.00001812,0.00000085,0.27795637,0.00284125,0.00211536,0.00430211,0.00002620,0.00000009,0.00000025,0.00000041,0.00000085,0,0.005886119314253376,-0.011656588832464225,0.04289822355100864,0.4080774784088135,0.44401147961616516,0,0.4080774784088135,0.44401147961616516,0
00:00:01:10.041,51,0.17551239,0.18736328,0.04571433,0.09686901,0.05262367,0.37612718,0.00455841,0.09684852,0.18615712,0.05180808,0.09077771,0.05587075,0.35259050,0.00509388,0.00014235,0.00004118,0.00303662,0.01087459,0.00077675,0.00037948,0.00555641,0.00002701,0.01020134,0.00022444,0.00011227,0.00061425,0.00087741,0.01536037,0.00275417,0.00065536,0.00108989,0.03443625,0.04413563,0.00426487,0.00132595,0.04202991,0.02837103,0.00238215,0.00277299,0.00001556,0.00001277,0.00000072,0.26522431,0.00288974,0.00210909,0.00505232,0.00002190,0.00000007,0.00000026,0.00000047,0.00000072,0,0.004060909663842583,-0.011606246889939862,0.04399191429459687,0.4084104597568512,0.44373735785484314,0,0.4084104597568512,0.44373735785484314,0
00:00:01:11.042,51,0.15566337,0.17040841,0.04504585,0.09556905,0.05748285,0.38076532,0.00518913,0.09570036,0.17320059,0.05438211,0.08547536,0.05996912,0.33014366,0.00512629,0.00017664,0.00004099,0.00272080,0.01165362,0.00075463,0.00036225,0.00340544,0.00003603,0.00565848,0.00033515,0.00018924,0.00102953,0.00150435,0.01268168,0.00259385,0.00081204,0.00182737,0.02879381,0.03769398,0.00329019,0.00154561,0.04243075,0.03097521,0.00317935,0.00394099,0.00002286,0.00001971,0.00000096,0.26015198,0.00314457,0.00217507,0.00507713,0.00002691,0.00000008,0.00000027,0.00000055,0.00000096,0,0.00884408048610347,-0.007553636595737187,0.04126897318820453,0.40877002477645874,0.4434078335762024,0,0.40877002477645874,0.4434078335762024,0
00:00:01:12.043,51,0.16056928,0.18578409,0.05759258,0.08125613,0.05264060,0.35684851,0.00494325,0.08900062,0.18062413,0.04209226,0.10534107,0.05872137,0.34336102,0.00586253,0.00013646,0.00003677,0.00367043,0.01163866,0.00073767,0.00030708,0.00490556,0.00002829,0.00813563,0.00020195,0.00010083,0.00102103,0.00141407,0.01221686,0.00271562,0.00073138,0.00123000,0.04308389,0.04351556,0.00533518,0.00148722,0.04126160,0.03152404,0.00277704,0.00318244,0.00001722,0.00001454,0.00000082,0.30408639,0.00228239,0.00202870,0.00411743,0.00002352,0.00000008,0.00000027,0.00000047,0.00000082,0,0.011947642613349255,-0.009570752312968115,0.04274163936476539,0.40824270248413086,0.44337907433509827,0,0.40824270248413086,0.44337907433509827,0
00:00:01:13.044,51,0.16173607,0.15635687,0.04690311,0.09721592,0.06021012,0.35753420,0.00500342,0.09315379,0.15579654,0.04225028,0.10759369,0.06561054,0.33065388,0.00521763,0.00015045,0.00003726,0.00323307,0.01076635,0.00067026,0.00036214,0.00570901,0.00002825,0.00848638,0.00019847,0.00009766,0.00097633,0.00128428,0.01177803,0.00274689,0.00077185,0.00108681,0.03665133,0.03789045,0.00447943,0.00135448,0.04105143,0.03094834,0.00321894,0.00369041,0.00001700,0.00001477,0.00000082,0.29111189,0.00244834,0.00251975,0.00471067,0.00002458,0.00000008,0.00000026,0.00000054,0.00000082,0,0.00358321644844146,-0.007622453899188422,0.04040688949503355,0.40830570459365845,0.4429164528846741,0,0.40830570459365845,0.4429164528846741,0
00:00:01:14.045,51,0.15513155,0.17053753,0.03869609,0.11103507,0.05505735,0.34610936,0.00530717,0.07563112,0.16599417,0.05194210,0.09087290,0.06097248,0.29884860,0.00661311,0.00009374,0.00005496,0.00304041,0.01142874,0.00089124,0.00036973,0.01215770,0.00004582,0.00861083,0.00008782,0.00004062,0.00053936,0.00084061,0.01527413,0.00224457,0.00039571,0.00082509,0.06195597,0.05223413,0.00883507,0.00137813,0.04313713,0.02515543,0.00172741,0.00191124,0.00000941,0.00000726,0.00000070,0.29494867,0.00279998,0.00234825,0.00486859,0.00001815,0.00000008,0.00000032,0.00000050,0.00000070,0,0.008964154192676512,-0.01170065717604258,0.04183802567776511,0.4083780348300934,0.44301727414131165,0,0.4083780348300934,0.44301727414131165,0
00:00:01:15.046,51,0.14518072,0.16288377,0.04038704,0.10605267,0.05913452,0.35604212,0.00564297,0.06445588,0.15877378,0.05597294,0.08427329,0.06530347,0.29469299,0.00772205,0.00013034,0.00005275,0.00284164,0.01236449,0.00090891,0.00040463,0.00718045,0.00004210,0.00754583,0.00016797,0.00008585,0.00056587,0.00091225,0.01662917,0.00246280,0.00046755,0.00117380,0.04660759,0.04648611,0.00564892,0.00167248,0.04241119,0.02648646,0.00236218,0.00275980,0.00001717,0.00001300,0.00000082,0.27689222,0.00333847,0.00196339,0.00458356,0.00002272,0.00000009,0.00000033,0.00000051,0.00000082,0,0.005821405901396208,-0.011691407685952046,0.04333724260811809,0.40855807065963745,0.44248166680336,0,0.40855807065963745,0.44248166680336,0
00:00:01:16.047,51,0.13281339,0.18736820,0.03814050,0.11437314,0.04876963,0.35821244,0.00582723,0.06302920,0.18392807,0.05029480,0.09531242,0.05189318,0.28114110,0.00778934,0.00014262,0.00004721,0.00246100,0.00933063,0.00067687,0.00037450,0.00669748,0.00005853,0.00533564,0.00022403,0.00012312,0.00079886,0.00097426,0.00789901,0.00376318,0.00081824,0.00093529,0.02912184,0.03112829,0.00477848,0.00163241,0.03488865,0.03142107,0.00251430,0.00248330,0.00001638,0.00001619,0.00000074,0.34829205,0.00135386,0.00158202,0.00376126,0.00002205,0.00000008,0.00000024,0.00000049,0.00000074,0,0.012104800811870224,-0.013632073548880722,0.045321913741113225,0.40844839811325073,0.4429224729537964,0,0.40844839811325073,0.4429224729537964,0
00:00:01:17.048,51,0.13126472,0.18471423,0.03853283,0.11555392,0.05064676,0.34165290,0.00595977,0.06401894,0.17831226,0.05199270,0.09387794,0.05409488,0.28596905,0.00780126,0.00014283,0.00004717,0.00262481,0.01059425,0.00085242,0.00037252,0.00510976,0.00003873,0.00868689,0.00029288,0.00017474,0.00044389,0.00065979,0.01486226,0.00382684,0.00058303,0.00127042,0.03480194,0.04201337,0.00476223,0.00142974,0.04659778,0.04047977,0.00219107,0.00216972,0.00001553,0.00001414,0.00000072,0.37209198,0.00125512,0.00140702,0.00308236,0.00002252,0.00000007,0.00000029,0.00000043,0.00000072,0,0.021384127227578126,-0.012669035448207782,0.042386712744436554,0.4092126786708832,0.4422004222869873,0,0.4092126786708832,0.4422004222869873,0
00:00:01:18.049,51,0.13441727,0.17041655,0.03497343,0.12671350,0.05237008,0.32221887,0.00568862,0.06173815,0.16477282,0.05188380,0.09528201,0.05720160,0.27798685,0.00773612,0.00016219,0.00004490,0.00244177,0.00963261,0.00077429,0.00044827,0.00563018,0.00004997,0.00714575,0.00038092,0.00022499,0.00046316,0.00064367,0.01359082,0.00389927,0.00071548,0.00115718,0.02574203,0.02983518,0.00387499,0.00176950,0.04395368,0.03460013,0.00238954,0.00242559,0.00002129,0.00001950,0.00000077,0.38066182,0.00155104,0.00129313,0.00277978,0.00002351,0.00000007,0.00000027,0.00000049,0.00000077,0,0.021251133127427945,-0.011303904801359533,0.04452677266274662,0.408895343542099,0.4418027102947235,0,0.408895343542099,0.4418027102947235,0
00:00:01:19.050,51,0.13316733,0.15983877,0.03364113,0.12816338,0.05638830,0.32577175,0.00605171,0.05699622,0.15216982,0.05067370,0.09448001,0.06393874,0.27261898,0.00853257,0.00017106,0.00006055,0.00195082,0.01067247,0.00070164,0.00040854,0.00511784,0.00004450,0.00559920,0.00025337,0.00014120,0.00108154,0.00187706,0.01602886,0.00197634,0.00063158,0.00232323,0.03499553,0.03479128,0.00456552,0.00210722,0.04448259,0.02702007,0.00282083,0.00359171,0.00002824,0.00002056,0.00000120,0.32448816,0.00271991,0.00175796,0.00353126,0.00002565,0.00000011,0.00000039,0.00000066,0.00000120,0,0.006298136567851316,-0.011626963285307946,0.041304040214366,0.4086589217185974,0.4415091276168823,0,0.4086589217185974,0.4415091276168823,0
00:00:01:20.051,51,0.13341114,0.15671057,0.03250477,0.13274702,0.05773252,0.32702023,0.00597722,0.05778230,0.14913680,0.05063425,0.09669530,0.06398761,0.26945916,0.00818226,0.00014532,0.00005345,0.00207727,0.01080953,0.00086371,0.00034447,0.00457881,0.00005593,0.00494187,0.00029666,0.00016808,0.00094736,0.00143660,0.01205260,0.00257733,0.00078256,0.00173906,0.03357443,0.03577351,0.00506222,0.00177539,0.04531787,0.03058366,0.00222243,0.00243232,0.00002050,0.00001703,0.00000104,0.32455331,0.00264165,0.00194529,0.00367704,0.00002437,0.00000009,0.00000033,0.00000053,0.00000104,0,0.012362170576358158,-0.00882173342794047,0.043118477096215045,0.40892380475997925,0.44202160835266113,0,0.40892380475997925,0.44202160835266113,0
00:00:01:21.052,51,0.11828382,0.16254041,0.05835983,0.07699408,0.05967249,0.34159479,0.00659291,0.06549791,0.15697749,0.04902243,0.08843416,0.06516580,0.30156493,0.00757973,0.00014874,0.00004610,0.00203507,0.00980103,0.00075498,0.00036198,0.00413562,0.00006489,0.00386979,0.00035206,0.00022539,0.00078333,0.00113589,0.01080006,0.00339012,0.00072797,0.00185339,0.02606021,0.02931636,0.00372171,0.00147555,0.04111062,0.03632947,0.00272707,0.00290428,0.00001870,0.00001800,0.00000082,0.29591811,0.00246723,0.00240055,0.00394169,0.00002208,0.00000007,0.00000026,0.00000053,0.00000082,0,0.008459851840654474,-0.006207540517368509,0.041289700310464236,0.4096817374229431,0.44279858469963074,0,0.4096817374229431,0.44279858469963074,0
00:00:01:22.053,51,0.12209044,0.17103018,0.05387908,0.08308422,0.05623548,0.35682416,0.00619665,0.06557431,0.16679578,0.04995596,0.09024965,0.05983760,0.29690659,0.00745849,0.00014246,0.00003630,0.00225483,0.00869139,0.00071515,0.00026652,0.00291463,0.00005309,0.00489455,0.00048743,0.00029975,0.00085360,0.00115989,0.01226957,0.00445510,0.00095593,0.00175819,0.03018852,0.03156640,0.00519597,0.00134777,0.05471795,0.04970260,0.00225580,0.00218151,0.00001608,0.00001579,0.00000081,0.32199866,0.00207485,0.00183487,0.00374170,0.00002203,0.00000007,0.00000027,0.00000045,0.00000081,0,0.009827399984322903,-0.006472277001192795,0.04151420363654844,0.4094414710998535,0.44274795055389404,0,0.4094414710998535,0.44274795055389404,0
00:00:01:23.054,51,0.11739569,0.16955404,0.04280687,0.10234625,0.05500260,0.33912680,0.00654089,0.05302946,0.16482022,0.05258846,0.08959915,0.05977758,0.26306313,0.00933339,0.00015085,0.00004130,0.00230826,0.00948729,0.00077304,0.00031631,0.00367756,0.00006220,0.00456116,0.00042259,0.00022841,0.00080818,0.00106819,0.01224162,0.00397520,0.00099934,0.00133945,0.03126347,0.03172317,0.00505528,0.00150331,0.05631241,0.04053492,0.00236086,0.00247570,0.00001790,0.00001586,0.00000085,0.31084728,0.00218229,0.00184882,0.00412666,0.00002417,0.00000008,0.00000029,0.00000047,0.00000085,0,0.007927923319908794,-0.010939483360271696,0.044751900845091286,0.4092983305454254,0.442960262298584,0,0.4092983305454254,0.442960262298584,0
00:00:01:24.055,51,0.11688624,0.15161793,0.02871264,0.15017644,0.05894715,0.30947304,0.00643828,0.04832774,0.14140899,0.04977354,0.10190981,0.06753263,0.26530039,0.01042625,0.00013872,0.00005307,0.00261078,0.01097909,0.00087634,0.00040962,0.00635775,0.00005824,0.00644557,0.00025551,0.00014547,0.00046234,0.00064903,0.01235807,0.00394010,0.00061995,0.00096969,0.03524593,0.04131375,0.00520777,0.00176638,0.04282831,0.03585780,0.00218547,0.00213253,0.00001562,0.00001419,0.00000080,0.33040616,0.00180906,0.00180495,0.00370555,0.00002340,0.00000009,0.00000029,0.00000045,0.00000080,0,0.008525274693031463,-0.012406912435079761,0.04503271577624504,0.4085172116756439,0.44175341725349426,0,0.4085172116756439,0.44175341725349426,0
00:00:01:25.056,51,0.11951245,0.15760328,0.02730170,0.14712256,0.05552885,0.32665360,0.00626746,0.05007712,0.15029722,0.05780021,0.08650452,0.06245075,0.25957400,0.00948754,0.00015281,0.00004850,0.00185459,0.00880197,0.00069414,0.00035428,0.00459251,0.00005586,0.00517899,0.00035060,0.00018633,0.00104759,0.00144197,0.01168606,0.00282577,0.00105687,0.00151277,0.02951630,0.02741485,0.00553211,0.00189296,0.05153190,0.03360136,0.00214742,0.00237855,0.00002192,0.00001824,0.00000098,0.31960848,0.00269447,0.00182664,0.00398707,0.00002328,0.00000010,0.00000032,0.00000055,0.00000098,0,-0.0045003915363380055,-0.016824472965575776,0.04352197370652053,0.4090527594089508,0.44237983226776123,0,0.4090527594089508,0.44237983226776123,0
00:00:01:26.057,51,0.11069942,0.16036278,0.03595092,0.11838526,0.05669805,0.30830327,0.00722056,0.04784330,0.15305226,0.05351463,0.08897480,0.06593128,0.25776678,0.01077355,0.00012228,0.00005531,0.00253361,0.01105185,0.00080715,0.00042877,0.00952514,0.00007061,0.00547775,0.00015285,0.00007676,0.00049770,0.00075810,0.01531670,0.00278564,0.00046205,0.00092375,0.04568767,0.03891092,0.00651235,0.00185739,0.04314598,0.02581305,0.00220909,0.00257217,0.00001644,0.00001304,0.00000078,0.31078514,0.00344227,0.00197015,0.00356420,0.00002105,0.00000009,0.00000033,0.00000052,0.00000078,0,-0.0037466601343820035,-0.00849832534721016,0.04055861790414792,0.4089183807373047,0.4422565996646881,0,0.4089183807373047,0.4422565996646881,0
00:00:01:27.058,51,0.11181710,0.14867936,0.03405404,0.12322341,0.06016158,0.31774339,0.00728835,0.04522993,0.14275935,0.05141019,0.09302078,0.06819235,0.23558933,0.01034648,0.00012430,0.00004632,0.00223972,0.00942613,0.00071343,0.00032047,0.00517419,0.00004514,0.00642091,0.00023089,0.00011983,0.00120740,0.00185690,0.01450079,0.00238060,0.00078254,0.00157405,0.04719592,0.03230900,0.00913260,0.00221053,0.05276500,0.03400512,0.00203178,0.00225870,0.00002124,0.00001605,0.00000102,0.30012968,0.00421729,0.00184241,0.00400199,0.00002217,0.00000011,0.00000038,0.00000055,0.00000102,0,-0.001884282438156781,-0.008898892918146661,0.03950447931729845,0.4089723527431488,0.44227850437164307,0,0.4089723527431488,0.44227850437164307,0
00:00:01:28.059,51,0.10987012,0.14236656,0.03477158,0.11454790,0.06466910,0.32127824,0.00728845,0.04782042,0.13603574,0.05990732,0.08053853,0.07614947,0.25539559,0.01056122,0.00010628,0.00004200,0.00298671,0.01059128,0.00075396,0.00028566,0.00622553,0.00003705,0.00716746,0.00014493,0.00007008,0.00151298,0.00211840,0.01059218,0.00223031,0.00081349,0.00115733,0.05447532,0.04307176,0.00981377,0.00198538,0.04288232,0.03018391,0.00207058,0.00217470,0.00001423,0.00001189,0.00000092,0.26983294,0.00526462,0.00247366,0.00451581,0.00002089,0.00000010,0.00000033,0.00000051,0.00000092,0,-0.004365669403543541,-0.00822038570071497,0.03913789861518466,0.409359872341156,0.44268786907196045,0,0.409359872341156,0.44268786907196045,0
00:00:01:29.060,51,0.12226316,0.14721473,0.03441123,0.11756726,0.06181878,0.34006673,0.00664586,0.06846508,0.14573506,0.05320075,0.08940418,0.06782463,0.27036366,0.00703646,0.00010307,0.00004245,0.00230849,0.00971383,0.00069485,0.00020157,0.00434206,0.00003256,0.00666641,0.00015930,0.00008868,0.00250298,0.00364301,0.00946835,0.00203700,0.00087069,0.00199248,0.05526235,0.04019146,0.01177833,0.00179334,0.04262586,0.03574635,0.00182623,0.00186605,0.00001403,0.00001308,0.00000102,0.31335357,0.00387500,0.00207869,0.00379586,0.00001979,0.00000009,0.00000033,0.00000052,0.00000102,0,0.005077343049841524,-0.0019625295393926527,0.03755820076455887,0.4096819758415222,0.4432659447193146,0,0.4096819758415222,0.4432659447193146,0
00:00:02:00.061,51,0.12184768,0.12300751,0.02370670,0.16163377,0.07152422,0.34903058,0.00654877,0.05057970,0.11945606,0.05804515,0.08841046,0.08056764,0.24871795,0.00910318,0.00013697,0.00003549,0.00273972,0.00927454,0.00065848,0.00025231,0.00457436,0.00003184,0.00641961,0.00021816,0.00011386,0.00273446,0.00353631,0.00740574,0.00194781,0.00133342,0.00179822,0.03514404,0.03206906,0.00715547,0.00176154,0.04002110,0.03118761,0.00228484,0.00246803,0.00001544,0.00001469,0.00000115,0.28687212,0.00364620,0.00244619,0.00489487,0.00002359,0.00000010,0.00000032,0.00000059,0.00000115,0,-0.002563732737848395,-0.005091393621496084,0.03832033985349634,0.40958160161972046,0.442796528339386,0,0.40958160161972046,0.442796528339386,0
00:00:02:01.062,51,0.11328918,0.11845955,0.02455868,0.15475604,0.07231160,0.34769845,0.00696827,0.04421901,0.11400790,0.06012593,0.08392958,0.08557255,0.24849014,0.01036286,0.00017156,0.00004532,0.00267717,0.01198517,0.00068311,0.00032384,0.00409262,0.00003736,0.00493665,0.00023836,0.00012600,0.00286760,0.00380633,0.00767276,0.00175822,0.00132575,0.00187930,0.03436538,0.03423003,0.00489096,0.00237714,0.03862778,0.02719629,0.00331270,0.00419208,0.00002559,0.00002405,0.00000139,0.27738774,0.00434202,0.00232329,0.00460261,0.00003011,0.00000013,0.00000035,0.00000066,0.00000139,0,0.003363241414416266,-0.008858043928609415,0.038555269511329995,0.40934211015701294,0.44235658645629883,0,0.40934211015701294,0.44235658645629883,0
00:00:02:02.063,51,0.10850066,0.13262488,0.03699982,0.11349078,0.06622054,0.33540708,0.00731890,0.04034979,0.12734810,0.04920446,0.09474951,0.07735299,0.22162908,0.01109285,0.00012918,0.00004023,0.00260776,0.00999198,0.00069948,0.00031823,0.00529358,0.00004450,0.00507492,0.00020691,0.00010660,0.00244258,0.00323637,0.00710886,0.00166883,0.00125911,0.00167938,0.03443936,0.02982718,0.00654910,0.00216306,0.03958434,0.02692837,0.00226639,0.00262980,0.00001971,0.00001735,0.00000113,0.28650376,0.00482193,0.00224432,0.00447892,0.00002294,0.00000011,0.00000033,0.00000062,0.00000113,0,-0.0015011796758340455,-0.005470409348705047,0.038346322488398615,0.40902209281921387,0.44236043095588684,0,0.40902209281921387,0.44236043095588684,0
00:00:02:03.064,51,0.10344417,0.14850459,0.04333230,0.09611231,0.06293745,0.31655627,0.00799046,0.04360968,0.14240123,0.05383218,0.08524191,0.07452050,0.24757808,0.01181918,0.00007383,0.00005265,0.00337449,0.01203757,0.00090639,0.00035388,0.01692030,0.00004002,0.00919379,0.00004677,0.00002265,0.00093525,0.00156668,0.01062648,0.00150585,0.00034950,0.00094511,0.07456394,0.05057685,0.01332927,0.00200596,0.02773190,0.01977543,0.00160157,0.00169060,0.00001052,0.00000759,0.00000076,0.23234262,0.00646421,0.00288960,0.00638896,0.00001581,0.00000010,0.00000036,0.00000051,0.00000076,0,0.002905986616892765,-0.004529335611975305,0.04441961127835463,0.40903958678245544,0.4434660077095032,0,0.40903958678245544,0.4434660077095032,0
00:00:02:04.065,51,0.10281192,0.14237341,0.03752391,0.10846849,0.06328715,0.31697571,0.00766337,0.04495067,0.13852775,0.05821995,0.08052289,0.07230809,0.24047004,0.01061393,0.00013294,0.00004569,0.00231581,0.01005292,0.00071121,0.00038814,0.00618095,0.00005429,0.00512658,0.00021236,0.00011864,0.00121467,0.00172502,0.00933404,0.00228856,0.00080783,0.00148202,0.03502161,0.02728208,0.00601815,0.00225167,0.03880109,0.02904015,0.00246564,0.00282881,0.00002217,0.00001879,0.00000095,0.27104530,0.00510247,0.00221399,0.00459459,0.00002224,0.00000010,0.00000032,0.00000060,0.00000095,0,-0.0023601691014558104,-0.013356981108093706,0.038825171290577866,0.4089937210083008,0.44223085045814514,0,0.4089937210083008,0.44223085045814514,0
00:00:02:05.066,51,0.11450569,0.13596226,0.03631112,0.11068867,0.06833990,0.33188263,0.00706019,0.04684683,0.13332477,0.06052601,0.07742463,0.07849948,0.23866940,0.01039677,0.00011913,0.00004756,0.00262924,0.00949979,0.00073849,0.00039623,0.00955689,0.00004356,0.00632596,0.00013441,0.00006775,0.00122422,0.00189883,0.01052317,0.00163361,0.00064834,0.00145991,0.03843527,0.03003335,0.00684784,0.00189387,0.03408672,0.02145254,0.00209535,0.00249493,0.00001475,0.00001101,0.00000087,0.25673026,0.00423538,0.00228830,0.00593205,0.00001949,0.00000009,0.00000033,0.00000061,0.00000087,0,-0.0065436946365310155,-0.008132600159547086,0.04370903408112765,0.4090009331703186,0.44283485412597656,0,0.4090009331703186,0.44283485412597656,0
00:00:02:06.067,51,0.11423724,0.13803816,0.02797663,0.14414024,0.06628120,0.30906418,0.00662704,0.04551859,0.12802643,0.06274245,0.08095162,0.07710712,0.26534736,0.01070812,0.00013320,0.00005055,0.00189634,0.00816367,0.00069354,0.00039833,0.00688130,0.00005017,0.00703929,0.00027248,0.00014443,0.00065895,0.00094238,0.01264191,0.00271617,0.00079986,0.00125580,0.02790498,0.02762304,0.00563436,0.00170079,0.04488048,0.02968972,0.00178016,0.00192320,0.00001553,0.00001308,0.00000077,0.28969482,0.00247363,0.00245874,0.00450464,0.00001921,0.00000008,0.00000030,0.00000054,0.00000077,0,-0.0015285511645971262,-0.013169747328553033,0.04498053094998138,0.40906548500061035,0.441720575094223,0,0.40906548500061035,0.441720575094223,0
00:00:02:07.068,51,0.09746758,0.16052404,0.03032522,0.13379751,0.05597251,0.32907927,0.00850780,0.04526187,0.15786391,0.05948818,0.08386729,0.05924721,0.23416135,0.01021046,0.00020221,0.00003921,0.00273372,0.01178118,0.00081387,0.00041281,0.00318488,0.00001837,0.01234031,0.00046050,0.00026268,0.00102333,0.00179352,0.01710250,0.00189151,0.00082544,0.00275676,0.02787682,0.03464985,0.00362577,0.00243776,0.04572235,0.03150111,0.00298206,0.00366163,0.00004254,0.00002958,0.00000131,0.30271503,0.00249369,0.00201452,0.00440751,0.00003267,0.00000010,0.00000041,0.00000062,0.00000131,0,0.0029289038242592165,-0.007291392132239229,0.04272607208899005,0.408792108297348,0.44214221835136414,0,0.408792108297348,0.44214221835136414,0
00:00:02:08.069,51,0.09383103,0.16294947,0.03389514,0.11676922,0.05524099,0.33934432,0.00857700,0.04541226,0.16427316,0.06258412,0.07628185,0.05861290,0.22549358,0.01058851,0.00015069,0.00004973,0.00251138,0.01200085,0.00079359,0.00041996,0.00490914,0.00005592,0.00526853,0.00025828,0.00013897,0.00083381,0.00124347,0.01224238,0.00269417,0.00069258,0.00134345,0.03624197,0.04014178,0.00481645,0.00225965,0.04476358,0.02932901,0.00266584,0.00313836,0.00002590,0.00002088,0.00000103,0.28743464,0.00294896,0.00211081,0.00468281,0.00002763,0.00000010,0.00000034,0.00000058,0.00000103,0,0.0009681852483636966,-0.01045528965301917,0.04116188635332796,0.4088504910469055,0.4422813951969147,0,0.4088504910469055,0.4422813951969147,0
00:00:02:09.070,51,0.10795082,0.12945922,0.03809453,0.10924161,0.06973388,0.34707680,0.00694925,0.06403556,0.12877092,0.05447840,0.08875386,0.07694589,0.28510833,0.00773153,0.00014638,0.00003839,0.00378273,0.01303360,0.00078536,0.00045579,0.00649867,0.00002781,0.00997973,0.00018478,0.00010166,0.00097867,0.00118690,0.00799697,0.00336153,0.00077449,0.00079961,0.04013797,0.03585956,0.00546870,0.00267837,0.03006211,0.03281638,0.00370579,0.00349752,0.00002863,0.00002642,0.00000084,0.30353293,0.00250537,0.00202735,0.00383045,0.00002888,0.00000010,0.00000025,0.00000050,0.00000084,0,-0.00014615156898101805,-0.009117534914938776,0.03808736352239308,0.4094699025154114,0.4408165514469147,0,0.4094699025154114,0.4408165514469147,0
00:00:02:10.071,51,0.11858926,0.12718920,0.04863084,0.09256171,0.07080004,0.32150000,0.00626383,0.05767138,0.12152914,0.05018532,0.09185185,0.07917976,0.26888281,0.00773970,0.00016127,0.00003994,0.00213108,0.00860623,0.00066199,0.00044260,0.00334196,0.00004399,0.00732891,0.00069155,0.00046545,0.00043647,0.00066158,0.01655589,0.00368484,0.00076631,0.00182689,0.02016134,0.02635955,0.00338895,0.00218005,0.04992893,0.04217217,0.00233293,0.00241524,0.00003015,0.00002723,0.00000082,0.29442778,0.00260018,0.00252397,0.00413623,0.00002435,0.00000007,0.00000029,0.00000058,0.00000082,0,0.012782614628808748,-0.011957404661408223,0.03976197134199486,0.40904101729393005,0.44002553820610046,0,0.40904101729393005,0.44002553820610046,0
00:00:02:11.072,51,0.11957515,0.11750931,0.04646868,0.09763918,0.07512206,0.33427402,0.00621808,0.05820167,0.11171872,0.04623836,0.10056445,0.08421237,0.26121297,0.00705324,0.00011782,0.00003302,0.00251361,0.00755530,0.00059306,0.00041584,0.00624506,0.00004436,0.00835608,0.00035200,0.00021138,0.00067331,0.00080446,0.00867245,0.00317523,0.00102623,0.00098988,0.02092850,0.02115326,0.00542967,0.00251684,0.03493248,0.03122856,0.00181815,0.00166755,0.00002463,0.00002636,0.00000065,0.33674997,0.00206214,0.00245691,0.00334767,0.00001941,0.00000007,0.00000023,0.00000055,0.00000065,0,0.002723338262388509,-0.0077260274538139915,0.03826429077373644,0.40904226899147034,0.4395323395729065,0,0.40904226899147034,0.4395323395729065,0
00:00:02:12.073,51,0.11447308,0.12010427,0.04904637,0.08999663,0.07562923,0.33184189,0.00632209,0.05686235,0.11261476,0.04787648,0.09552620,0.08835408,0.29173380,0.00808331,0.00011863,0.00003462,0.00348893,0.01053983,0.00070539,0.00039867,0.00594997,0.00004488,0.00700395,0.00023748,0.00013595,0.00083261,0.00100938,0.00822309,0.00340588,0.00086987,0.00089169,0.03307699,0.03341007,0.00581118,0.00244949,0.03447350,0.03383751,0.00248398,0.00231952,0.00002135,0.00002261,0.00000075,0.30228466,0.00252175,0.00266161,0.00379452,0.00002241,0.00000008,0.00000025,0.00000051,0.00000075,0,0.000992621029021501,-0.008975894849465899,0.040693453672023094,0.4089565873146057,0.4394944906234741,0,0.4089565873146057,0.4394944906234741,0
00:00:02:13.074,51,0.10878996,0.12018666,0.05648731,0.08256574,0.07482200,0.33155721,0.00715858,0.05211878,0.11505079,0.04051037,0.10838141,0.08642828,0.26437366,0.00889778,0.00014209,0.00005124,0.00281378,0.01341364,0.00082198,0.00045383,0.00519124,0.00004068,0.00714044,0.00022119,0.00014078,0.00069388,0.00107784,0.01236571,0.00296877,0.00049977,0.00147081,0.03999554,0.04027805,0.00473284,0.00259147,0.03593231,0.03586862,0.00356407,0.00364008,0.00003060,0.00002548,0.00000099,0.28023270,0.00390862,0.00264080,0.00407776,0.00002779,0.00000010,0.00000032,0.00000058,0.00000099,0,0.0055993792766842266,-0.008890981082525352,0.04045025348897942,0.40885257720947266,0.4396588206291199,0,0.40885257720947266,0.4396588206291199,0
00:00:02:14.075,51,0.10594919,0.11594688,0.05438203,0.08777034,0.07557200,0.33183095,0.00743644,0.04620624,0.11132041,0.03836897,0.11597665,0.08555759,0.23795199,0.00933632,0.00015325,0.00004298,0.00271409,0.01168601,0.00077659,0.00044888,0.00400063,0.00003577,0.00887058,0.00038007,0.00024591,0.00054490,0.00079886,0.01408944,0.00356094,0.00064603,0.00143477,0.03213644,0.03683764,0.00410932,0.00233072,0.04378446,0.04222814,0.00319240,0.00312918,0.00003048,0.00002668,0.00000094,0.29336140,0.00414726,0.00241353,0.00376752,0.00002812,0.00000009,0.00000032,0.00000056,0.00000094,0,0.008177746397157265,-0.011626121417730997,0.041792762466233056,0.40853267908096313,0.43950119614601135,0,0.40853267908096313,0.43950119614601135,0
00:00:02:15.076,51,0.09424378,0.12055055,0.03050322,0.13654496,0.07098471,0.30401325,0.00822837,0.03404283,0.11350025,0.05129992,0.09622476,0.08467367,0.21114728,0.01334253,0.00009152,0.00005911,0.00210105,0.00958912,0.00068362,0.00034057,0.01083621,0.00007450,0.00533042,0.00010852,0.00006281,0.00079549,0.00113564,0.00929647,0.00267454,0.00050762,0.00095092,0.04488865,0.03782840,0.00916765,0.00215198,0.03087181,0.02446840,0.00164998,0.00167723,0.00001276,0.00001273,0.00000079,0.27178013,0.00511400,0.00286593,0.00455566,0.00001764,0.00000010,0.00000031,0.00000055,0.00000079,0,0.0027013436550682077,-0.011279092954746928,0.039994180083452624,0.40849795937538147,0.43966031074523926,0,0.40849795937538147,0.43966031074523926,0
00:00:02:16.077,51,0.09625506,0.11111516,0.03259503,0.13293698,0.07579593,0.32388276,0.00822891,0.03682759,0.10680194,0.04336046,0.11123392,0.08807576,0.20604998,0.01186795,0.00009070,0.00005339,0.00258531,0.00969111,0.00072713,0.00042871,0.01565980,0.00006260,0.00657236,0.00008709,0.00004757,0.00085994,0.00116253,0.00795538,0.00208376,0.00054683,0.00077658,0.04112658,0.03485722,0.00851892,0.00229168,0.02576096,0.01949480,0.00167165,0.00168402,0.00001240,0.00001185,0.00000077,0.29452193,0.00502487,0.00252135,0.00408857,0.00001762,0.00000010,0.00000030,0.00000057,0.00000077,0,-0.0046561132304081205,-0.008826403961971593,0.0392732564305148,0.4084465503692627,0.4397599399089813,0,0.4084465503692627,0.4397599399089813,0
00:00:02:17.078,51,0.10130478,0.09852802,0.03346195,0.13659444,0.08409105,0.30881789,0.00758284,0.03954019,0.09024100,0.03675333,0.13228834,0.09989595,0.21367988,0.01106989,0.00006913,0.00005375,0.00299211,0.01021108,0.00073351,0.00031026,0.01512260,0.00008023,0.00581310,0.00006468,0.00003459,0.00097479,0.00113722,0.00628376,0.00314740,0.00058007,0.00048936,0.06429968,0.04610956,0.01541683,0.00241002,0.02712359,0.02504365,0.00137763,0.00118971,0.00000883,0.00001048,0.00000070,0.27076018,0.00556936,0.00296162,0.00450342,0.00001642,0.00000011,0.00000027,0.00000048,0.00000070,0,0.0013807880697255302,-0.007227077567517828,0.040709454498237437,0.4077938199043274,0.43905285000801086,0,0.4077938199043274,0.43905285000801086,0
00:00:02:18.079,51,0.09693796,0.08229057,0.03061919,0.14791253,0.09629115,0.32876459,0.00815625,0.03959757,0.07750235,0.03410055,0.13767047,0.11094894,0.23078594,0.01069327,0.00011510,0.00008747,0.00229916,0.01394034,0.00070749,0.00064760,0.01796801,0.00008101,0.00463716,0.00006115,0.00003823,0.00102746,0.00142434,0.00596247,0.00173334,0.00043677,0.00084493,0.03984060,0.03716284,0.00573275,0.00370338,0.01692926,0.01535132,0.00291562,0.00325583,0.00002549,0.00002658,0.00000105,0.25386429,0.00734513,0.00269552,0.00456088,0.00002236,0.00000015,0.00000030,0.00000072,0.00000105,0,0.007326915121209115,-0.010308026370286601,0.03896094417291299,0.40798312425613403,0.43910688161849976,0,0.40798312425613403,0.43910688161849976,0
00:00:02:19.080,51,0.08685078,0.09040561,0.03256362,0.14066617,0.08987758,0.32717317,0.00886956,0.03250476,0.08627220,0.03368826,0.14226256,0.10570571,0.20184423,0.01366087,0.00008771,0.00005779,0.00348571,0.01346694,0.00085795,0.00041730,0.01744785,0.00006181,0.00640348,0.00005456,0.00002838,0.00111281,0.00130004,0.00583752,0.00245078,0.00058240,0.00047329,0.06242956,0.05028442,0.01010653,0.00258572,0.02179952,0.01979828,0.00219795,0.00206825,0.00001227,0.00001347,0.00000082,0.25538263,0.00636380,0.00274174,0.00483913,0.00002120,0.00000013,0.00000030,0.00000050,0.00000082,0,-0.004135723076052852,-0.00936436156681157,0.041684297458578004,0.40798988938331604,0.43968644738197327,0,0.40798988938331604,0.43968644738197327,0
00:00:02:20.081,51,0.09750700,0.08662260,0.02979092,0.15254539,0.09450299,0.32510513,0.00741295,0.03779079,0.07839304,0.03407315,0.14297515,0.11047654,0.23894104,0.01178907,0.00009629,0.00005889,0.00331797,0.01248260,0.00082982,0.00046398,0.01667231,0.00006793,0.00565340,0.00006785,0.00003543,0.00113903,0.00133525,0.00580359,0.00245134,0.00064500,0.00053312,0.05167783,0.04264150,0.00887481,0.00272151,0.02306901,0.02034332,0.00214811,0.00205385,0.00001257,0.00001378,0.00000084,0.28103697,0.00352034,0.00260404,0.00468061,0.00002086,0.00000014,0.00000028,0.00000050,0.00000084,0,-0.007354872944842142,-0.014541085029943859,0.04522939411478043,0.40758997201919556,0.439090758562088,0,0.40758997201919556,0.439090758562088,0
00:00:02:21.082,51,0.10511048,0.10358218,0.04299020,0.11985618,0.08320025,0.33665001,0.00704646,0.03580349,0.09437005,0.03023921,0.15050595,0.09805555,0.23158494,0.01243135,0.00011636,0.00007365,0.00240550,0.01221063,0.00081068,0.00044513,0.00925344,0.00011580,0.00333987,0.00012743,0.00007713,0.00062635,0.00094888,0.01021368,0.00262606,0.00043318,0.00109295,0.03850671,0.04711537,0.00574465,0.00230424,0.03105529,0.02221544,0.00199796,0.00225563,0.00001543,0.00001564,0.00000093,0.30975547,0.00293250,0.00196127,0.00350351,0.00002076,0.00000012,0.00000032,0.00000055,0.00000093,0,0.005126056509743372,-0.00967190417584327,0.046405044182066806,0.40766721963882446,0.4393763244152069,0,0.40766721963882446,0.4393763244152069,0
00:00:02:22.083,51,0.09347652,0.10168490,0.04009363,0.12371412,0.08356062,0.32343701,0.00803125,0.03148132,0.09130976,0.03082840,0.14946049,0.09939102,0.20609653,0.01352066,0.00009378,0.00006661,0.00229183,0.01106335,0.00076038,0.00035772,0.00976398,0.00006937,0.00536545,0.00009342,0.00006392,0.00094198,0.00135609,0.00726832,0.00291486,0.00045802,0.00114103,0.04989273,0.04433928,0.00950617,0.00239615,0.02661588,0.03126313,0.00186428,0.00167570,0.00001265,0.00001433,0.00000086,0.31797493,0.00302637,0.00215234,0.00354479,0.00001827,0.00000011,0.00000032,0.00000049,0.00000086,0,-0.0043501085812601105,-0.008941810404171757,0.04454960738577222,0.407538503408432,0.4390396475791931,0,0.407538503408432,0.4390396475791931,0
00:00:02:23.084,51,0.08779395,0.08706547,0.04724685,0.11013914,0.09618133,0.30615932,0.00826737,0.03177951,0.07792021,0.02581515,0.17067695,0.11246455,0.20370537,0.01396235,0.00007643,0.00006372,0.00303988,0.01095231,0.00081209,0.00046859,0.02228682,0.00008383,0.00599579,0.00005598,0.00003172,0.00068129,0.00082877,0.00572368,0.00253946,0.00047291,0.00048608,0.04669027,0.04418103,0.00894289,0.00222677,0.02052221,0.01927876,0.00160573,0.00142993,0.00000857,0.00000973,0.00000065,0.27763411,0.00406494,0.00275836,0.00465152,0.00001601,0.00000011,0.00000026,0.00000048,0.00000065,0,0.0020454111846271122,-0.009646163803263458,0.046449403613894165,0.4070064425468445,0.43888792395591736,0,0.4070064425468445,0.43888792395591736,0
00:00:02:24.085,51,0.09369519,0.11435609,0.11140415,0.05630491,0.07178047,0.31932157,0.00839337,0.03651114,0.10732001,0.01297768,0.25152138,0.08545951,0.20948061,0.01216459,0.00009036,0.00006246,0.00291328,0.01181369,0.00072804,0.00049738,0.01561598,0.00006024,0.00647387,0.00007316,0.00004300,0.00084761,0.00123941,0.00852925,0.00183356,0.00041586,0.00088739,0.04659126,0.04035159,0.00704235,0.00273132,0.02359353,0.01840560,0.00223680,0.00245997,0.00001769,0.00001593,0.00000090,0.25155193,0.00701112,0.00296208,0.00500368,0.00001888,0.00000013,0.00000033,0.00000062,0.00000090,0,-0.004253018858518679,-0.013288591135594986,0.04038136661048128,0.4055234491825104,0.4395347237586975,0,0.4055234491825104,0.4395347237586975,0
00:00:02:25.086,51,0.09257143,0.11430752,0.09608931,0.06533753,0.07102275,0.32199147,0.00837064,0.03528046,0.10779693,0.01362822,0.24847069,0.08288096,0.20095031,0.01217090,0.00009091,0.00005878,0.00260457,0.01055012,0.00069789,0.00044038,0.01248184,0.00007451,0.00520306,0.00010153,0.00005928,0.00089085,0.00126703,0.00888999,0.00196609,0.00051561,0.00096299,0.04190242,0.03624566,0.00746167,0.00268224,0.02796846,0.01962632,0.00186369,0.00206798,0.00001781,0.00001675,0.00000091,0.27955377,0.00548686,0.00253548,0.00441876,0.00001882,0.00000012,0.00000034,0.00000060,0.00000091,0,-0.0025693894423326003,-0.012746804763442155,0.0408902657048107,0.4056028723716736,0.4397568106651306,0,0.4056028723716736,0.4397568106651306,0
00:00:02:26.087,51,0.09116267,0.11577436,0.13877860,0.04419123,0.07351469,0.32796252,0.00874189,0.03394946,0.10964064,0.01353711,0.23292343,0.08750656,0.19236150,0.01317912,0.00008920,0.00007488,0.00241976,0.01165085,0.00068999,0.00047965,0.01324281,0.00007782,0.00514269,0.00008121,0.00005099,0.00060300,0.00093457,0.00990432,0.00216047,0.00033717,0.00097661,0.04381752,0.04495727,0.00604089,0.00241520,0.02541500,0.02020438,0.00225239,0.00251121,0.00001696,0.00001504,0.00000082,0.24243943,0.00701601,0.00302390,0.00537011,0.00001871,0.00000011,0.00000032,0.00000064,0.00000082,0,0.005752635227103477,-0.013983209818395877,0.039411382659457185,0.40536513924598694,0.439653217792511,0,0.40536513924598694,0.439653217792511,0
00:00:02:27.088,51,0.08599812,0.11285748,0.15379092,0.03536525,0.07938357,0.33612213,0.00924310,0.03579978,0.10844880,0.01830246,0.18019480,0.09373388,0.19630493,0.01215674,0.00008495,0.00005753,0.00265874,0.01095462,0.00069479,0.00042917,0.01225077,0.00005489,0.00675267,0.00008737,0.00005091,0.00078727,0.00113186,0.00949489,0.00228687,0.00043941,0.00090532,0.04832942,0.04349427,0.00720237,0.00215973,0.02881228,0.02377287,0.00228871,0.00237661,0.00001477,0.00001350,0.00000070,0.26844436,0.00496459,0.00266189,0.00470702,0.00001834,0.00000009,0.00000030,0.00000058,0.00000070,0,-0.008179683876755897,-0.011049023916874243,0.04112032563300965,0.4058491587638855,0.43941324949264526,0,0.4058491587638855,0.43941324949264526,0
00:00:02:28.089,51,0.09313475,0.10494757,0.12532088,0.04340902,0.08527847,0.32488421,0.00852480,0.03691421,0.09989858,0.02064014,0.16755064,0.10169677,0.20000860,0.01210046,0.00008552,0.00007189,0.00218985,0.01041618,0.00067534,0.00045048,0.01368968,0.00007232,0.00579225,0.00008261,0.00005106,0.00054580,0.00092154,0.01245093,0.00211570,0.00029575,0.00119067,0.04722331,0.04428082,0.00705483,0.00211235,0.02913383,0.02245448,0.00210758,0.00229182,0.00001403,0.00001177,0.00000072,0.25211683,0.00572079,0.00308621,0.00521888,0.00001695,0.00000009,0.00000034,0.00000066,0.00000072,0,-0.005736461430258762,-0.011633437186438908,0.041439516885233056,0.40572208166122437,0.4391133189201355,0,0.40572208166122437,0.4391133189201355,0
00:00:02:29.090,51,0.10233270,0.10134538,0.14417714,0.03923257,0.09094596,0.32476547,0.00750649,0.03870517,0.09350698,0.01883227,0.18252225,0.10769580,0.20998716,0.01161997,0.00006405,0.00007724,0.00228958,0.00988884,0.00080452,0.00043356,0.01962502,0.00011748,0.00583512,0.00007819,0.00004343,0.00019425,0.00027336,0.01575041,0.00398231,0.00025758,0.00046111,0.05434967,0.05373094,0.00872667,0.00148750,0.03464383,0.02335935,0.00129490,0.00127373,0.00000697,0.00000663,0.00000043,0.27455729,0.00401111,0.00285023,0.00465305,0.00001385,0.00000007,0.00000027,0.00000046,0.00000043,0,0.0038018454101280664,-0.01778851521740969,0.045554127201005074,0.40536317229270935,0.43944084644317627,0,0.40536317229270935,0.43944084644317627,0
00:00:03:00.091,51,0.10691923,0.09865688,0.18258883,0.03098788,0.09367280,0.32236072,0.00715570,0.04397665,0.09107210,0.01585142,0.19538185,0.11105631,0.22028816,0.01046754,0.00007497,0.00007292,0.00230191,0.01035602,0.00083782,0.00045962,0.01622519,0.00010063,0.00561929,0.00009389,0.00005021,0.00023981,0.00036295,0.01883496,0.00321494,0.00028409,0.00060262,0.05055974,0.05031624,0.00701611,0.00143038,0.03920218,0.02185220,0.00160049,0.00174015,0.00000899,0.00000710,0.00000050,0.23335379,0.00669202,0.00273639,0.00533785,0.00001503,0.00000008,0.00000029,0.00000052,0.00000050,0,-0.002807256261742828,-0.019795252598436737,0.04555578711612206,0.40558838844299316,0.4392514228820801,0,0.40558838844299316,0.4392514228820801,0
00:00:03:01.092,51,0.09479428,0.10666505,0.17033571,0.03207178,0.08750815,0.31181523,0.00776156,0.03327979,0.09553219,0.01696293,0.18729591,0.10775775,0.20807780,0.01392458,0.00007378,0.00005779,0.00279496,0.01034935,0.00076836,0.00038242,0.01430778,0.00006869,0.00611238,0.00008310,0.00004514,0.00057663,0.00083035,0.01138896,0.00273567,0.00039674,0.00074480,0.05678178,0.04939464,0.00867925,0.00174375,0.03241014,0.02390597,0.00187527,0.00190843,0.00000964,0.00000838,0.00000059,0.24583794,0.00563904,0.00274208,0.00524236,0.00001565,0.00000009,0.00000031,0.00000051,0.00000059,0,-0.015846222384581683,-0.017894443106167873,0.04685942102796385,0.4053378999233246,0.43965187668800354,0,0.4053378999233246,0.43965187668800354,0
00:00:03:02.093,51,0.08720127,0.11442212,0.17247275,0.03230449,0.08051641,0.31231961,0.00858327,0.03467435,0.10648283,0.01679683,0.18842211,0.09775227,0.20323302,0.01361424,0.00006587,0.00007713,0.00261861,0.01129866,0.00085572,0.00049598,0.02313801,0.00012082,0.00512157,0.00005958,0.00003340,0.00024422,0.00036914,0.01268794,0.00293986,0.00022766,0.00053306,0.05524456,0.05089308,0.00804611,0.00183693,0.02802607,0.01949928,0.00161616,0.00167448,0.00000930,0.00000800,0.00000048,0.24514961,0.00465828,0.00291342,0.00548142,0.00001456,0.00000008,0.00000029,0.00000051,0.00000048,0,-0.003875134093611873,-0.013448078715906864,0.04502040625147618,0.405175119638443,0.4399711489677429,0,0.405175119638443,0.4399711489677429,0
00:00:03:03.094,51,0.08587150,0.11593107,0.17709491,0.03105265,0.07888545,0.30533114,0.00919921,0.03429497,0.10993125,0.01568149,0.19378705,0.09396601,0.19006482,0.01352810,0.00009414,0.00006302,0.00257978,0.01148763,0.00076405,0.00047352,0.01136516,0.00006585,0.00646359,0.00010627,0.00005964,0.00045407,0.00076666,0.01686785,0.00238240,0.00031671,0.00106848,0.05446057,0.04977174,0.00663518,0.00204493,0.03999292,0.02635319,0.00260269,0.00282531,0.00001777,0.00001253,0.00000073,0.26888981,0.00502322,0.00253917,0.00441517,0.00001964,0.00000010,0.00000038,0.00000063,0.00000073,0,-0.0059442875836006204,-0.010206445693158121,0.041547644956408676,0.4054030478000641,0.4394368529319763,0,0.4054030478000641,0.4394368529319763,0
00:00:03:04.095,51,0.08539040,0.10569773,0.18734941,0.02973167,0.08456126,0.30191237,0.00878918,0.03043222,0.09962143,0.01489249,0.19681102,0.10132835,0.18493411,0.01445109,0.00014362,0.00005536,0.00291370,0.01379832,0.00080594,0.00062390,0.00671618,0.00003667,0.00845203,0.00022872,0.00012198,0.00054227,0.00097545,0.02187626,0.00170759,0.00047472,0.00162543,0.03725649,0.04328913,0.00353980,0.00275531,0.04444584,0.02284050,0.00395192,0.00502388,0.00004498,0.00002678,0.00000095,0.24378289,0.00468168,0.00264780,0.00537600,0.00002782,0.00000011,0.00000044,0.00000071,0.00000095,0,-0.004713116748919775,-0.01709262622622974,0.0419706026760614,0.4048316478729248,0.4389241635799408,0,0.4048316478729248,0.4389241635799408,0
00:00:03:05.096,51,0.08870649,0.09830257,0.18597957,0.03031068,0.09214604,0.32688504,0.00847487,0.03358271,0.09316906,0.01534047,0.19323055,0.10783111,0.19806589,0.01330161,0.00014371,0.00005212,0.00243506,0.01033064,0.00071308,0.00060472,0.00751704,0.00005800,0.00559513,0.00026404,0.00014016,0.00051154,0.00091220,0.02071346,0.00170519,0.00051873,0.00184253,0.02825272,0.03321406,0.00307134,0.00193321,0.04931205,0.02190570,0.00307945,0.00419949,0.00002829,0.00001701,0.00000086,0.25386944,0.00327683,0.00272551,0.00551169,0.00002381,0.00000009,0.00000041,0.00000077,0.00000086,0,-0.011595999579661129,-0.019269087276140805,0.041722487757601234,0.40483856201171875,0.43906861543655396,0,0.40483856201171875,0.43906861543655396,0
00:00:03:06.097,51,0.09067982,0.11697983,0.15617307,0.03417216,0.07909647,0.32035807,0.00833747,0.03715260,0.11072592,0.01929191,0.16485545,0.09284201,0.21856329,0.01230704,0.00010464,0.00004978,0.00263220,0.00986510,0.00075485,0.00050550,0.01047525,0.00004435,0.00806362,0.00014573,0.00007392,0.00061531,0.00102910,0.01716821,0.00191440,0.00047233,0.00130775,0.04453006,0.03404195,0.00634649,0.00193244,0.04519107,0.02544599,0.00239708,0.00280672,0.00001880,0.00001186,0.00000071,0.25446755,0.00300469,0.00257693,0.00566637,0.00001938,0.00000010,0.00000039,0.00000063,0.00000071,0,-0.01342814107907372,-0.015615842905880818,0.04132017260975702,0.4056461453437805,0.43936848640441895,0,0.4056461453437805,0.43936848640441895,0
00:00:03:07.098,51,0.07901409,0.11167749,0.13539758,0.03820125,0.08191627,0.31686991,0.00881303,0.03049335,0.10554203,0.02345063,0.14255850,0.10046907,0.20880055,0.01536370,0.00012777,0.00004092,0.00286169,0.00991943,0.00067188,0.00050138,0.00910738,0.00003694,0.00705892,0.00016342,0.00008593,0.00121537,0.00165487,0.00724655,0.00176978,0.00089953,0.00127676,0.02779598,0.02775462,0.00394092,0.00201526,0.02957621,0.02233995,0.00320651,0.00348770,0.00002351,0.00001729,0.00000073,0.24284934,0.00298207,0.00224672,0.00614472,0.00002119,0.00000010,0.00000030,0.00000064,0.00000073,0,-0.01678934240949417,-0.02021155694560284,0.043514217753110165,0.4058559536933899,0.4397098422050476,0,0.4058559536933899,0.4397098422050476,0
00:00:03:08.099,51,0.08664075,0.10268351,0.15566397,0.03475024,0.09073189,0.34918779,0.00856808,0.03674391,0.09863926,0.01940936,0.16623873,0.10655046,0.21561238,0.01249439,0.00013465,0.00004028,0.00293864,0.00956504,0.00067765,0.00049448,0.00776502,0.00003684,0.00681170,0.00019429,0.00010882,0.00120214,0.00177165,0.00817631,0.00177316,0.00078635,0.00170626,0.02648630,0.02800094,0.00388547,0.00196080,0.03146479,0.02513678,0.00334167,0.00357273,0.00002202,0.00001574,0.00000083,0.24538542,0.00313418,0.00239839,0.00611945,0.00002214,0.00000010,0.00000031,0.00000068,0.00000083,0,-0.02737871027228161,-0.014500114876800117,0.04090871427340689,0.40565699338912964,0.43975481390953064,0,0.40565699338912964,0.43975481390953064,0
00:00:03:09.100,51,0.08225445,0.10882428,0.12186101,0.04215551,0.08366898,0.33693844,0.00872455,0.03514152,0.10573067,0.02432330,0.14361075,0.09769949,0.20788345,0.01307227,0.00011704,0.00004204,0.00257918,0.00927402,0.00063257,0.00041744,0.00771131,0.00004119,0.00648389,0.00017627,0.00008850,0.00152774,0.00210721,0.00800324,0.00170944,0.00097041,0.00139823,0.03208070,0.02832590,0.00561057,0.00225456,0.03661515,0.02415401,0.00263432,0.00294905,0.00002374,0.00001811,0.00000081,0.25135759,0.00277636,0.00234836,0.00634858,0.00002167,0.00000010,0.00000032,0.00000067,0.00000081,0,-0.016909712553450966,-0.016024164108016554,0.042538842550969146,0.405459463596344,0.43993696570396423,0,0.405459463596344,0.43993696570396423,0
00:00:03:10.101,51,0.09601054,0.09841680,0.15371393,0.03591713,0.09609891,0.33393586,0.00804043,0.03642641,0.09208748,0.01878528,0.17539376,0.11214609,0.21078810,0.01257551,0.00009203,0.00005719,0.00227173,0.00975700,0.00079893,0.00038266,0.00904825,0.00004821,0.00796106,0.00013454,0.00007219,0.00059985,0.00112797,0.02032980,0.00209976,0.00036722,0.00176321,0.05506150,0.04156499,0.00871421,0.00168109,0.05215100,0.03149484,0.00197225,0.00217400,0.00001500,0.00000927,0.00000076,0.25216082,0.00290515,0.00294110,0.00641679,0.00001866,0.00000010,0.00000043,0.00000062,0.00000076,0,-0.011374078748565424,-0.01580163684285964,0.04238783665040333,0.4050907492637634,0.43895313143730164,0,0.4050907492637634,0.43895313143730164,0
00:00:03:11.102,51,0.08964355,0.10829799,0.16075663,0.03638694,0.08445012,0.33311132,0.00829548,0.03454370,0.10346957,0.01571793,0.20446499,0.09601776,0.19139130,0.01313934,0.00013051,0.00004683,0.00259109,0.01049214,0.00079459,0.00042472,0.00509894,0.00005194,0.00612505,0.00028297,0.00017504,0.00063535,0.00096207,0.01189559,0.00314608,0.00063042,0.00164522,0.03426481,0.03889737,0.00424938,0.00154039,0.04875936,0.04094241,0.00292506,0.00295031,0.00001852,0.00001458,0.00000082,0.28082925,0.00228778,0.00232167,0.00532520,0.00002386,0.00000009,0.00000035,0.00000056,0.00000082,0,-0.0010244746680018054,-0.01721909419442173,0.04418634724760415,0.40418004989624023,0.4395221769809723,0,0.40418004989624023,0.4395221769809723,0
00:00:03:12.103,51,0.09644815,0.11455996,0.02045609,0.18733032,0.07380585,0.31450224,0.00838294,0.04219150,0.11237603,0.05837062,0.09053773,0.08190145,0.21380390,0.01078166,0.00011920,0.00007382,0.00235835,0.01480828,0.00115717,0.00046829,0.00916544,0.00005318,0.00838016,0.00012682,0.00007635,0.00042223,0.00080257,0.01838377,0.00222773,0.00028819,0.00147164,0.05526483,0.05661531,0.00720638,0.00240985,0.03826775,0.02640714,0.00195533,0.00216370,0.00001985,0.00001498,0.00000105,0.29392901,0.00398545,0.00220362,0.00395499,0.00002410,0.00000011,0.00000044,0.00000056,0.00000105,0,0.007622135702836239,-0.005830476141843499,0.04262167540179236,0.40694350004196167,0.43965330719947815,0,0.40694350004196167,0.43965330719947815,0
00:00:03:13.104,51,0.09073041,0.11816528,0.02041533,0.17501795,0.07506745,0.30845466,0.00887816,0.03886069,0.11613225,0.07999888,0.06818298,0.08325770,0.20726067,0.01180049,0.00014190,0.00005002,0.00303654,0.01562887,0.00125091,0.00038978,0.00441681,0.00005224,0.00656420,0.00028659,0.00016368,0.00055932,0.00086874,0.01420968,0.00300521,0.00061320,0.00133913,0.04414442,0.05502878,0.00527035,0.00210626,0.04990480,0.03544821,0.00243931,0.00255820,0.00002051,0.00001724,0.00000105,0.28436077,0.00365311,0.00277654,0.00402507,0.00003060,0.00000009,0.00000039,0.00000051,0.00000105,0,0.008767893851544372,-0.00909661811578167,0.04250119398433046,0.40762749314308167,0.4397420287132263,0,0.40762749314308167,0.4397420287132263,0
00:00:03:14.105,51,0.08263982,0.10419552,0.01567488,0.21140306,0.08064850,0.28879976,0.00945589,0.03683854,0.10408702,0.08253372,0.06670922,0.09051482,0.20163397,0.01249840,0.00014565,0.00008056,0.00203133,0.01332036,0.00102836,0.00063315,0.01070424,0.00009576,0.00451693,0.00016564,0.00009617,0.00045310,0.00081821,0.01541493,0.00194919,0.00036403,0.00151219,0.03599268,0.04070303,0.00445351,0.00255352,0.03710867,0.01967606,0.00220512,0.00290782,0.00002196,0.00001680,0.00000107,0.29870030,0.00344239,0.00255567,0.00413942,0.00002618,0.00000011,0.00000044,0.00000071,0.00000107,0,0.0024111608643671103,-0.015085494419383415,0.043625750580823866,0.4074974060058594,0.4399375915527344,0,0.4074974060058594,0.4399375915527344,0
00:00:03:15.106,51,0.09017379,0.10645907,0.01325619,0.24180353,0.07890853,0.28949821,0.00874068,0.03785488,0.10230573,0.07902323,0.07352537,0.09049831,0.22189716,0.01240462,0.00012530,0.00007781,0.00184955,0.01246659,0.00095123,0.00038465,0.00765094,0.00007720,0.00449888,0.00014727,0.00009451,0.00082926,0.00148212,0.01149930,0.00211735,0.00041323,0.00204664,0.04344340,0.04436303,0.00698658,0.00235525,0.03396602,0.02558109,0.00185521,0.00216243,0.00001712,0.00001503,0.00000121,0.29194987,0.00362799,0.00315315,0.00419581,0.00002345,0.00000012,0.00000043,0.00000062,0.00000121,0,0.005352699633451882,-0.008192994793407783,0.04387427105496385,0.4076007902622223,0.440473735332489,0,0.4076007902622223,0.440473735332489,0
00:00:03:16.107,51,0.10654838,0.12282491,0.01292066,0.24369317,0.06960022,0.32859614,0.00730450,0.04683466,0.12052997,0.08769163,0.06712005,0.07650210,0.24130102,0.00997113,0.00012731,0.00008472,0.00160667,0.01079508,0.00096194,0.00044355,0.00893203,0.00010736,0.00393949,0.00017539,0.00010172,0.00052220,0.00091731,0.01473819,0.00227986,0.00040730,0.00164853,0.03700685,0.03748427,0.00668943,0.00208781,0.04306971,0.02466303,0.00153099,0.00185618,0.00001535,0.00001258,0.00000100,0.33766222,0.00216825,0.00212700,0.00377226,0.00002225,0.00000010,0.00000039,0.00000059,0.00000100,0,0.0038060074802518332,-0.013348234852634451,0.04415495471820757,0.4078756272792816,0.44070497155189514,0,0.4078756272792816,0.44070497155189514,0
00:00:03:17.108,51,0.09379472,0.14639370,0.00911952,0.26591831,0.05968809,0.30675161,0.00814259,0.04643930,0.14243688,0.14563577,0.04235671,0.06472202,0.25056270,0.01010576,0.00016594,0.00005614,0.00232089,0.01218276,0.00094970,0.00041399,0.00440076,0.00006030,0.00535580,0.00033510,0.00021754,0.00055862,0.00094188,0.01438140,0.00324598,0.00051926,0.00192655,0.02998371,0.04282524,0.00492063,0.00273601,0.03922121,0.03338847,0.00188702,0.00207357,0.00002629,0.00002297,0.00000109,0.36674052,0.00182894,0.00174065,0.00283098,0.00002808,0.00000009,0.00000034,0.00000052,0.00000109,0,0.00664820550117442,-0.008819623673006802,0.04622156135746499,0.4092620015144348,0.4415830373764038,0,0.4092620015144348,0.4415830373764038,0
00:00:03:18.109,51,0.08378535,0.18292406,0.00536685,0.33349675,0.04628343,0.28473994,0.00951985,0.04293943,0.17458744,0.19931805,0.03176701,0.04972097,0.26068270,0.01092348,0.00023627,0.00005844,0.00221313,0.01340653,0.00093434,0.00053084,0.00442170,0.00003635,0.00804866,0.00039382,0.00023383,0.00058644,0.00105302,0.01702128,0.00239839,0.00056876,0.00232717,0.02802006,0.03842067,0.00344343,0.00304847,0.04247188,0.03095177,0.00262134,0.00338160,0.00005253,0.00003705,0.00000131,0.37220392,0.00125266,0.00192304,0.00314352,0.00003670,0.00000010,0.00000043,0.00000061,0.00000131,0,0.01113793910745324,-0.015551613424350644,0.04533397258210776,0.41018080711364746,0.4415149688720703,0,0.41018080711364746,0.4415149688720703,0
00:00:03:19.110,51,0.07469072,0.18894754,0.00283278,0.40684763,0.04544107,0.24489719,0.01087939,0.02981692,0.18065718,0.32543766,0.01857906,0.04976322,0.18021373,0.01594744,0.00017057,0.00007380,0.00172843,0.01240792,0.00102909,0.00040261,0.00633663,0.00005934,0.00532989,0.00021905,0.00012921,0.00092714,0.00166308,0.01307311,0.00216100,0.00055386,0.00225495,0.03831473,0.03787636,0.00671961,0.00310787,0.03657871,0.02747439,0.00169996,0.00200265,0.00003352,0.00002329,0.00000123,0.35713172,0.00194037,0.00212592,0.00345199,0.00002975,0.00000010,0.00000046,0.00000060,0.00000123,0,0.018318712759018536,-0.014379076910926767,0.044820651820269695,0.41233009099960327,0.44369861483573914,0,0.41233009099960327,0.44369861483573914,0
00:00:03:20.111,51,0.07215007,0.19489788,0.00251106,0.44057578,0.04363891,0.24642637,0.01166218,0.03055480,0.18679701,0.30344036,0.02111810,0.04757267,0.18875512,0.01641918,0.00013784,0.00007405,0.00280479,0.01636569,0.00125164,0.00045001,0.01317554,0.00007039,0.00616119,0.00008436,0.00004688,0.00056872,0.00089880,0.00950199,0.00279634,0.00035119,0.00094925,0.05907091,0.06295217,0.00770421,0.00248968,0.02793766,0.02530148,0.00181093,0.00190063,0.00001770,0.00001463,0.00000097,0.36487427,0.00173800,0.00221415,0.00318591,0.00002826,0.00000010,0.00000041,0.00000050,0.00000097,0,0.012592025673483817,-0.016186280133456726,0.04445814619225707,0.41179734468460083,0.4434651732444763,0,0.41179734468460083,0.4434651732444763,0
00:00:03:21.112,51,0.06494576,0.18837510,0.00302032,0.41435874,0.04401087,0.23137882,0.01260982,0.02657523,0.18083972,0.26914078,0.02456245,0.04670504,0.17232831,0.01661343,0.00019854,0.00004288,0.00303584,0.01325282,0.00113688,0.00046344,0.00585337,0.00002673,0.01298539,0.00030855,0.00020073,0.00053347,0.00079423,0.01253640,0.00396461,0.00061417,0.00132546,0.03499746,0.03986435,0.00473678,0.00242826,0.03442835,0.04053065,0.00228115,0.00216705,0.00002636,0.00002266,0.00000099,0.39274919,0.00149255,0.00196605,0.00302149,0.00003351,0.00000008,0.00000039,0.00000044,0.00000099,0,0.010808871752271864,-0.011883004439622088,0.04061153216569539,0.41118335723876953,0.4431481957435608,0,0.41118335723876953,0.4431481957435608,0
00:00:03:22.113,51,0.07146160,0.17976609,0.00265518,0.38534611,0.04938791,0.23343973,0.01119049,0.02911147,0.16953024,0.42052358,0.01269045,0.05560463,0.20443825,0.01549652,0.00020537,0.00004223,0.00330609,0.01423414,0.00107968,0.00051043,0.00582727,0.00003335,0.01050442,0.00030988,0.00018579,0.00049454,0.00074401,0.01432658,0.00364574,0.00059341,0.00126057,0.03400549,0.04419155,0.00435510,0.00303634,0.03450175,0.03353243,0.00243094,0.00258330,0.00003526,0.00003037,0.00000093,0.35682631,0.00224549,0.00219916,0.00290730,0.00003364,0.00000007,0.00000039,0.00000051,0.00000093,0,0.007793095640005233,-0.011845279002965855,0.04141005283375638,0.4131234288215637,0.44225603342056274,0,0.4131234288215637,0.44225603342056274,0
00:00:03:23.114,51,0.06907092,0.15848236,0.00287167,0.38277072,0.05732057,0.22530325,0.01145622,0.02650230,0.14818732,0.38443002,0.01468529,0.06641407,0.21283281,0.01712044,0.00018470,0.00004358,0.00306182,0.01299557,0.00109650,0.00039048,0.00669892,0.00001797,0.01464378,0.00022403,0.00012061,0.00114570,0.00166452,0.01170055,0.00248571,0.00085526,0.00138871,0.04048833,0.03898001,0.00597660,0.00245884,0.02950804,0.02750404,0.00221319,0.00228925,0.00002453,0.00001967,0.00000092,0.37387368,0.00208710,0.00181683,0.00288346,0.00003007,0.00000008,0.00000040,0.00000045,0.00000092,0,0.0021107888487183328,-0.016319963741086844,0.03968283790684101,0.4124308228492737,0.4420364499092102,0,0.4124308228492737,0.4420364499092102,0
00:00:03:24.115,51,0.07189533,0.18295619,0.00239995,0.43013379,0.04756716,0.22271962,0.01124472,0.02541846,0.16903163,0.36080998,0.01674338,0.05564520,0.21540904,0.01839542,0.00016705,0.00005021,0.00356568,0.01844598,0.00149248,0.00031960,0.00544957,0.00001833,0.01396747,0.00019275,0.00009036,0.00118384,0.00186159,0.01787954,0.00224836,0.00076544,0.00135443,0.07311238,0.06555127,0.00832593,0.00250094,0.04078557,0.02709696,0.00189547,0.00224405,0.00002522,0.00001777,0.00000115,0.40374607,0.00203411,0.00178123,0.00247229,0.00003479,0.00000010,0.00000054,0.00000038,0.00000115,0,0.020507466933216402,-0.021309113832509496,0.04211258521624889,0.41193681955337524,0.4427778422832489,0,0.41193681955337524,0.4427778422832489,0
00:00:03:25.116,51,0.06682846,0.18497752,0.00230142,0.44347209,0.04750623,0.22693488,0.01245704,0.02270467,0.17357975,0.35493118,0.01770623,0.05365670,0.18447167,0.01992278,0.00016893,0.00004495,0.00388437,0.01700338,0.00154772,0.00037446,0.00705797,0.00002663,0.01155829,0.00020426,0.00010518,0.00085894,0.00119993,0.01262277,0.00287837,0.00075451,0.00100842,0.05587628,0.05120834,0.00705125,0.00247811,0.03273316,0.02667084,0.00185968,0.00200230,0.00002054,0.00001724,0.00000098,0.40965176,0.00227988,0.00170218,0.00214605,0.00003305,0.00000009,0.00000045,0.00000037,0.00000098,0,0.013466434969055285,-0.020604518756121324,0.03895329567129024,0.4119180738925934,0.44283387064933777,0,0.4119180738925934,0.44283387064933777,0
00:00:03:26.117,51,0.09553399,0.13662429,0.01519939,0.23890120,0.06137282,0.29835856,0.00844803,0.03796649,0.13627706,0.05958661,0.09445083,0.06715091,0.20767978,0.01351854,0.00013873,0.00006170,0.00317636,0.01647932,0.00123702,0.00046433,0.00927921,0.00004193,0.00828297,0.00011924,0.00005859,0.00085837,0.00162019,0.01664036,0.00146449,0.00040807,0.00160028,0.06285428,0.04972006,0.00818053,0.00295090,0.03819513,0.01895205,0.00208512,0.00272412,0.00002873,0.00001774,0.00000139,0.29572949,0.00381780,0.00188626,0.00405788,0.00002813,0.00000016,0.00000054,0.00000058,0.00000139,0,0.008254767363851641,-0.01860710533928588,0.05010806887828663,0.40580111742019653,0.4439827799797058,0,0.40580111742019653,0.4439827799797058,0
00:00:03:27.118,51,0.11673627,0.10720608,0.17651330,0.03617862,0.08308603,0.34536883,0.00620438,0.04401894,0.09913933,0.01150812,0.25142848,0.09795757,0.23936968,0.01051517,0.00010122,0.00006034,0.00301195,0.01331086,0.00112924,0.00054209,0.00988481,0.00005450,0.00712711,0.00016167,0.00009680,0.00040311,0.00066286,0.01614584,0.00242912,0.00037349,0.00119388,0.04641345,0.04327197,0.00543708,0.00203292,0.03742089,0.02440647,0.00208688,0.00234208,0.00001734,0.00001308,0.00000076,0.28018254,0.00355949,0.00225618,0.00429312,0.00002060,0.00000011,0.00000035,0.00000047,0.00000076,0,-0.0014667738811996647,-0.025130733898597064,0.04884112687108154,0.40237197279930115,0.4421243965625763,0,0.40237197279930115,0.4421243965625763,0
00:00:03:28.119,51,0.12865752,0.10686319,0.21115255,0.03299288,0.07912342,0.36279744,0.00567225,0.04965037,0.09757563,0.00600127,0.35084018,0.09290037,0.23573935,0.00926780,0.00008047,0.00007460,0.00246985,0.01134264,0.00088886,0.00046347,0.01608210,0.00008413,0.00470437,0.00007159,0.00004844,0.00058922,0.00095853,0.00924857,0.00235959,0.00028055,0.00122959,0.04951745,0.04418496,0.00709368,0.00169442,0.02469928,0.02223842,0.00201280,0.00203328,0.00001042,0.00000921,0.00000078,0.27746037,0.00378821,0.00268685,0.00489602,0.00001594,0.00000012,0.00000031,0.00000051,0.00000078,0,-0.009359868461403418,-0.021723346908360724,0.04664635419498149,0.4004918038845062,0.4423152208328247,0,0.4004918038845062,0.4423152208328247,0
00:00:03:29.120,51,0.12415072,0.11132397,0.30091992,0.02373979,0.07629348,0.37997496,0.00582162,0.04898420,0.10142798,0.00401321,0.40817922,0.08800919,0.23347181,0.00940922,0.00011725,0.00006806,0.00268543,0.01361370,0.00107002,0.00050886,0.00734204,0.00004868,0.00608532,0.00018786,0.00013126,0.00054533,0.00098006,0.01421574,0.00209559,0.00037332,0.00217074,0.03840374,0.04552894,0.00386553,0.00166007,0.03412095,0.02531201,0.00260684,0.00301511,0.00001927,0.00001408,0.00000099,0.31578439,0.00306014,0.00195828,0.00403029,0.00002271,0.00000012,0.00000036,0.00000048,0.00000099,0,0.0028403673716191273,-0.0224586765746903,0.047779017359194466,0.39994800090789795,0.4421669840812683,0,0.39994800090789795,0.4421669840812683,0
00:00:04:00.121,51,0.11476827,0.11796541,0.33773312,0.02015817,0.07112467,0.35743076,0.00613586,0.04371224,0.10410112,0.00368123,0.41179478,0.08555745,0.23159543,0.01054812,0.00009495,0.00007400,0.00249311,0.01361488,0.00109423,0.00050711,0.00912412,0.00005084,0.00677119,0.00014731,0.00010197,0.00051075,0.00086067,0.01301791,0.00227304,0.00036637,0.00154373,0.04581345,0.04265288,0.00543962,0.00199660,0.03259667,0.02558163,0.00230529,0.00248595,0.00002005,0.00001592,0.00000085,0.29954648,0.00332218,0.00225134,0.00442250,0.00002046,0.00000013,0.00000034,0.00000044,0.00000085,0,0.0031564751247884705,-0.020054180184719512,0.04800961785884614,0.399585485458374,0.44169968366622925,0,0.399585485458374,0.44169968366622925,0
00:00:04:01.122,51,0.11110282,0.10938168,0.35139126,0.01879958,0.07626781,0.35101441,0.00629437,0.03965215,0.09605640,0.00365249,0.40880123,0.09405392,0.22862600,0.01176639,0.00010341,0.00006735,0.00306315,0.01446476,0.00105906,0.00059530,0.01070767,0.00004214,0.00782803,0.00013240,0.00008355,0.00057225,0.00093249,0.01225470,0.00206051,0.00039840,0.00131773,0.04549193,0.04176958,0.00481548,0.00224544,0.02983201,0.02201381,0.00285655,0.00317295,0.00002459,0.00001773,0.00000088,0.30018869,0.00301804,0.00221958,0.00459961,0.00002262,0.00000014,0.00000035,0.00000047,0.00000088,0,0.0013865034396006034,-0.02305576860805418,0.04993810319789126,0.399252712726593,0.44163018465042114,0,0.399252712726593,0.44163018465042114,0
00:00:04:02.123,51,0.10240863,0.13313688,0.38445622,0.01571321,0.06518636,0.33802196,0.00681690,0.03304584,0.11537062,0.00451230,0.35879153,0.08055008,0.20058541,0.01377922,0.00010322,0.00004558,0.00345304,0.01172969,0.00082665,0.00050115,0.00641319,0.00003672,0.00873221,0.00021915,0.00015744,0.00049484,0.00078854,0.01108910,0.00282014,0.00047193,0.00158634,0.03330796,0.04254382,0.00403394,0.00198686,0.03268593,0.03291704,0.00262451,0.00248564,0.00002322,0.00001852,0.00000080,0.29252273,0.00312482,0.00231265,0.00473874,0.00002027,0.00000010,0.00000032,0.00000047,0.00000080,0,0.004962608939124586,-0.022778468214593083,0.05003712787223816,0.3994423747062683,0.4415990114212036,0,0.3994423747062683,0.4415990114212036,0
00:00:04:03.124,51,0.10059773,0.14237376,0.41503379,0.01296174,0.06363431,0.34191960,0.00729561,0.03704404,0.12679265,0.00473890,0.35303882,0.07584245,0.21336600,0.01292705,0.00010773,0.00004867,0.00362625,0.01384537,0.00105510,0.00052687,0.00757753,0.00002199,0.01345999,0.00016215,0.00010549,0.00059256,0.00102305,0.01351963,0.00208755,0.00042569,0.00174283,0.04478943,0.04553522,0.00450771,0.00179770,0.03420687,0.03039196,0.00301908,0.00303992,0.00002355,0.00001544,0.00000082,0.28542873,0.00271251,0.00217360,0.00521458,0.00002181,0.00000011,0.00000036,0.00000045,0.00000082,0,0.005994471332576356,-0.022251900634703364,0.047087618784469515,0.39956653118133545,0.44147130846977234,0,0.39956653118133545,0.44147130846977234,0
00:00:04:04.125,51,0.09467428,0.13118385,0.38100237,0.01489014,0.06890076,0.33306381,0.00743134,0.03049349,0.11585435,0.00535579,0.32601508,0.08488335,0.20853986,0.01611319,0.00012252,0.00006893,0.00292264,0.01441909,0.00102369,0.00078878,0.01139631,0.00003885,0.00815806,0.00014603,0.00010044,0.00042977,0.00075539,0.01183275,0.00191605,0.00034286,0.00162639,0.03185049,0.03628550,0.00282386,0.00211714,0.02476932,0.02105403,0.00374523,0.00418933,0.00003013,0.00001969,0.00000079,0.27597585,0.00272761,0.00213689,0.00522893,0.00002191,0.00000012,0.00000034,0.00000051,0.00000079,0,0.004741159984920133,-0.029974234851869536,0.04907082165354577,0.39959558844566345,0.44152262806892395,0,0.39959558844566345,0.44152262806892395,0
00:00:04:05.126,51,0.08338443,0.13834350,0.41249764,0.01355284,0.06476560,0.29006743,0.00835137,0.02433812,0.11770704,0.00413673,0.38022411,0.08114052,0.16624904,0.01969700,0.00010314,0.00004307,0.00363506,0.01253121,0.00104901,0.00045207,0.00677683,0.00002301,0.01245328,0.00019153,0.00013541,0.00068890,0.00121509,0.01195635,0.00228801,0.00047819,0.00213062,0.04258707,0.04007313,0.00505223,0.00182518,0.03248701,0.03307312,0.00269903,0.00253536,0.00002259,0.00001567,0.00000083,0.27662048,0.00278094,0.00243243,0.00565749,0.00002042,0.00000011,0.00000040,0.00000043,0.00000083,0,0.008256586602186105,-0.023936550030917225,0.050494204417683784,0.39954742789268494,0.4416249990463257,0,0.39954742789268494,0.4416249990463257,0
00:00:04:06.127,51,0.08813220,0.14428025,0.42396381,0.01257239,0.06080767,0.28271964,0.00725828,0.02908290,0.11904358,0.00391601,0.38844207,0.08001305,0.22305419,0.01707851,0.00011380,0.00004345,0.00399910,0.01379321,0.00100184,0.00050823,0.00656989,0.00002889,0.00888344,0.00021607,0.00015522,0.00080041,0.00117902,0.00881824,0.00277085,0.00061284,0.00150398,0.03843180,0.03677829,0.00422086,0.00232004,0.02665581,0.03127868,0.00342474,0.00324751,0.00002825,0.00002370,0.00000083,0.30027136,0.00272784,0.00219448,0.00430425,0.00002180,0.00000013,0.00000033,0.00000038,0.00000083,0,0.0007268600037149311,-0.01980204424486585,0.05080712818877028,0.4000042974948883,0.4411773681640625,0,0.4000042974948883,0.4411773681640625,0
00:00:04:07.128,51,0.09469336,0.13904451,0.40614098,0.01426082,0.06285723,0.30762956,0.00717269,0.03391820,0.11842340,0.00383773,0.38887188,0.07856613,0.21562706,0.01437750,0.00012929,0.00005326,0.00327534,0.01521206,0.00116435,0.00050879,0.00526809,0.00003140,0.00777766,0.00026151,0.00020365,0.00071606,0.00119804,0.01045938,0.00276508,0.00051567,0.00230358,0.03773712,0.04064781,0.00333869,0.00197068,0.03089701,0.03576000,0.00379289,0.00369631,0.00002936,0.00002248,0.00000099,0.29260615,0.00244888,0.00229940,0.00471072,0.00002546,0.00000013,0.00000035,0.00000043,0.00000099,0,0.008337231670698959,-0.02045137953797395,0.04988176554494418,0.40013009309768677,0.4413902163505554,0,0.40013009309768677,0.4413902163505554,0
00:00:04:08.129,51,0.11024068,0.12137257,0.36713237,0.01735595,0.06734406,0.30896053,0.00553563,0.03769949,0.09983504,0.00383498,0.39380950,0.08828560,0.26475969,0.01213482,0.00010028,0.00005934,0.00313944,0.01318250,0.00100685,0.00065212,0.00959340,0.00005704,0.00633411,0.00019132,0.00015317,0.00039905,0.00055788,0.00761914,0.00389175,0.00044694,0.00104074,0.03237204,0.03438934,0.00378064,0.00240982,0.02336687,0.03184532,0.00286366,0.00248007,0.00002304,0.00002288,0.00000068,0.30282480,0.00200889,0.00244436,0.00467388,0.00001966,0.00000013,0.00000025,0.00000038,0.00000068,0,0.008328858042978265,-0.02670766742802753,0.05320733734600331,0.3996788561344147,0.44045108556747437,0,0.3996788561344147,0.44045108556747437,0
00:00:04:09.130,51,0.09187773,0.13674037,0.37433210,0.01462004,0.06466851,0.29866543,0.00740190,0.03057497,0.11804170,0.00593865,0.30898204,0.08115531,0.19730884,0.01453046,0.00010341,0.00004684,0.00350084,0.01326541,0.00099954,0.00054699,0.00704462,0.00003520,0.00891643,0.00022013,0.00017226,0.00047428,0.00069589,0.00875555,0.00322054,0.00048810,0.00132884,0.03369343,0.03794465,0.00369408,0.00213796,0.02740578,0.03505946,0.00302844,0.00271971,0.00002221,0.00002082,0.00000067,0.28199562,0.00277021,0.00262955,0.00492509,0.00002066,0.00000009,0.00000029,0.00000041,0.00000067,0,0.005886628265730769,-0.020168375890795544,0.05018942100210568,0.40088552236557007,0.4413871467113495,0,0.40088552236557007,0.4413871467113495,0
00:00:04:10.131,51,0.09433517,0.13865760,0.34126467,0.01681793,0.06312822,0.30146840,0.00709932,0.03108184,0.12026388,0.00648140,0.29565161,0.07901762,0.20688231,0.01449228,0.00010466,0.00005392,0.00326843,0.01371355,0.00102850,0.00067218,0.00921388,0.00004912,0.00684481,0.00018185,0.00014304,0.00046251,0.00067119,0.00721722,0.00303717,0.00045025,0.00122344,0.03102781,0.03402099,0.00336547,0.00241451,0.02378512,0.03078381,0.00317799,0.00287011,0.00002399,0.00002259,0.00000067,0.28748849,0.00235527,0.00266881,0.00473038,0.00002029,0.00000010,0.00000027,0.00000043,0.00000067,0,0.005917340355107771,-0.02222784603003147,0.05126520415447443,0.4009333550930023,0.4412718415260315,0,0.4009333550930023,0.4412718415260315,0
00:00:04:11.132,51,0.10132013,0.14270650,0.36712882,0.01515810,0.06189020,0.27940083,0.00695429,0.03499516,0.12166438,0.00588634,0.31104219,0.07851655,0.20435870,0.01354076,0.00008540,0.00004703,0.00373884,0.01192287,0.00087450,0.00054946,0.01100698,0.00003772,0.01091521,0.00015428,0.00010412,0.00029436,0.00044532,0.01201437,0.00321111,0.00035799,0.00089828,0.03976074,0.04158575,0.00467234,0.00195248,0.02929841,0.02921006,0.00238817,0.00220921,0.00001818,0.00001559,0.00000055,0.29597509,0.00217905,0.00289366,0.00501354,0.00001789,0.00000008,0.00000029,0.00000043,0.00000055,0,0.016043562880872605,-0.019540286959365265,0.05266649486869487,0.400970458984375,0.44197505712509155,0,0.400970458984375,0.44197505712509155,0
00:00:04:12.133,51,0.09895246,0.14196669,0.30969790,0.02042576,0.05916136,0.29081336,0.00701805,0.03065353,0.12229138,0.00550322,0.33767769,0.07435238,0.19659106,0.01436644,0.00009023,0.00005085,0.00351983,0.01332552,0.00102633,0.00053526,0.00886548,0.00004714,0.00845263,0.00018201,0.00013828,0.00031444,0.00046147,0.01017047,0.00375746,0.00038004,0.00097398,0.03959781,0.04390629,0.00449897,0.00208100,0.02916388,0.03476368,0.00245416,0.00215460,0.00001863,0.00001789,0.00000063,0.31305480,0.00243583,0.00256971,0.00417142,0.00001974,0.00000009,0.00000029,0.00000038,0.00000063,0,0.009833599257824887,-0.01873353857215754,0.050893612102926374,0.40026146173477173,0.44179967045783997,0,0.40026146173477173,0.44179967045783997,0
00:00:04:13.134,51,0.10299975,0.13221416,0.34270456,0.01872396,0.06188687,0.29738736,0.00628071,0.03055377,0.10993300,0.00425630,0.37437418,0.08006544,0.20405333,0.01452274,0.00007268,0.00005716,0.00283073,0.01012595,0.00086539,0.00051173,0.00981696,0.00006334,0.00855791,0.00019653,0.00013648,0.00018964,0.00035362,0.02441915,0.00348491,0.00025488,0.00126082,0.04415642,0.04333816,0.00749884,0.00242989,0.04614419,0.03433103,0.00138244,0.00137878,0.00001903,0.00001455,0.00000064,0.32418147,0.00206211,0.00266214,0.00471374,0.00001621,0.00000010,0.00000037,0.00000044,0.00000064,0,0.001750989129529428,-0.019154510760329233,0.053778582173291845,0.39976269006729126,0.4410152733325958,0,0.39976269006729126,0.4410152733325958,0
00:00:04:14.135,51,0.08074624,0.16312347,0.43600738,0.01137641,0.05501147,0.26308692,0.00837280,0.02248330,0.13784969,0.00448634,0.36619842,0.07131629,0.16467127,0.02274681,0.00008284,0.00006284,0.00314540,0.01164847,0.00099128,0.00058192,0.01204364,0.00005988,0.00820538,0.00014834,0.00009728,0.00018709,0.00035193,0.02100123,0.00278786,0.00024009,0.00114039,0.04343991,0.04785259,0.00532308,0.00190155,0.03859401,0.02607373,0.00185047,0.00195584,0.00001677,0.00001140,0.00000060,0.26446038,0.00328867,0.00279049,0.00600614,0.00001653,0.00000009,0.00000040,0.00000043,0.00000060,0,0.0011331026167057722,-0.024658102783769748,0.05184532329417204,0.3995572328567505,0.44196513295173645,0,0.3995572328567505,0.44196513295173645,0
00:00:04:15.136,51,0.09091261,0.13986413,0.33606791,0.01838982,0.06202795,0.29685190,0.00728469,0.02721870,0.11867686,0.00570082,0.32358593,0.07782512,0.18307078,0.01660177,0.00009047,0.00005080,0.00238747,0.00894286,0.00084389,0.00049930,0.00692628,0.00005561,0.00742657,0.00032724,0.00024795,0.00026968,0.00044680,0.01502397,0.00346066,0.00043380,0.00154319,0.02730588,0.03251030,0.00453549,0.00187612,0.03977757,0.03594003,0.00163579,0.00152850,0.00001797,0.00001486,0.00000061,0.30718279,0.00231958,0.00250449,0.00465663,0.00001646,0.00000008,0.00000032,0.00000042,0.00000061,0,0.004602920795230793,-0.026887435978388562,0.05165481580887374,0.3998524248600006,0.44141069054603577,0,0.3998524248600006,0.44141069054603577,0
00:00:04:16.137,51,0.10442426,0.12676243,0.32395193,0.02050055,0.06439289,0.31440511,0.00664057,0.03482467,0.10850615,0.00434396,0.38083652,0.07960181,0.20488741,0.01237407,0.00008308,0.00005866,0.00274426,0.01035865,0.00085815,0.00061833,0.01177568,0.00004970,0.01052923,0.00016373,0.00013987,0.00016072,0.00026195,0.01307722,0.00442948,0.00024414,0.00100028,0.03351388,0.04212571,0.00453525,0.00186133,0.02819767,0.03850824,0.00202865,0.00160862,0.00001554,0.00001473,0.00000055,0.29642275,0.00217231,0.00300813,0.00524746,0.00001654,0.00000008,0.00000027,0.00000041,0.00000055,0,0.007102523093640407,-0.01972060136035759,0.049575112199172294,0.3995925784111023,0.44110435247421265,0,0.3995925784111023,0.44110435247421265,0
00:00:04:17.138,51,0.11022016,0.14334281,0.28131634,0.02399124,0.05779555,0.31908789,0.00652574,0.03379203,0.12408553,0.00514789,0.36237961,0.07060282,0.19691215,0.01255535,0.00009025,0.00005374,0.00294913,0.01044711,0.00085746,0.00050145,0.00871874,0.00003749,0.01140781,0.00019687,0.00015121,0.00024451,0.00039280,0.01544520,0.00406977,0.00031581,0.00107625,0.03783643,0.04318402,0.00514400,0.00182081,0.03247301,0.03775147,0.00208179,0.00174222,0.00001564,0.00001357,0.00000063,0.33266309,0.00255130,0.00216805,0.00405236,0.00001799,0.00000008,0.00000030,0.00000039,0.00000063,0,0.003044099148367005,-0.01995533159083524,0.05001535184775555,0.3999527394771576,0.44160863757133484,0,0.3999527394771576,0.44160863757133484,0
00:00:04:18.139,51,0.23462176,0.26640710,0.22541453,0.02827097,0.03216500,0.37880301,0.00327753,0.05409762,0.23238863,0.00982664,0.26822513,0.03728469,0.25048035,0.00696404,0.00008295,0.00003724,0.00351836,0.00850730,0.00079742,0.00045418,0.01054340,0.00001763,0.02480964,0.00017233,0.00010496,0.00031808,0.00041594,0.01326422,0.00326236,0.00054850,0.00063167,0.03449404,0.03826396,0.00625069,0.00176438,0.02885157,0.02760303,0.00129224,0.00110446,0.00001278,0.00001178,0.00000046,0.29890114,0.00349536,0.00154990,0.00452181,0.00001287,0.00000006,0.00000023,0.00000032,0.00000046,0,0.009694286001848325,-0.011075308465716324,0.045830442259270236,0.4010487496852875,0.4455583691596985,0,0.4010487496852875,0.4455583691596985,0
00:00:04:19.140,51,0.75530565,0.80440837,0.15247993,0.04247157,0.00268735,0.49610800,0.00039287,0.60987079,0.68795145,0.24291487,0.01323488,0.00653516,0.60845131,0.00018884,0.00019416,0.00003615,0.00362916,0.01090471,0.00134087,0.00042388,0.00398062,0.00007180,0.00763183,0.00135872,0.00073413,0.00016601,0.00016768,0.02598461,0.01174432,0.00109374,0.00105140,0.01792762,0.04451087,0.00216330,0.00076642,0.06218089,0.03537235,0.00184662,0.00268742,0.00003678,0.00003012,0.00000023,0.30703160,0.00632569,0.00139508,0.00225889,0.00001910,0.00000004,0.00000026,0.00000066,0.00000023,0,0.025899895977576408,-0.02350978704507187,0.03423187594829583,0.4156680107116699,0.45767539739608765,0,0.4156680107116699,0.45767539739608765,0
00:00:04:20.141,51,0.79763651,0.81949091,0.07405183,0.09860712,0.00239000,0.44760138,0.00032766,0.63663048,0.83140558,0.16183197,0.01950299,0.00232793,0.46460807,0.00018923,0.00021375,0.00003845,0.00367072,0.01111321,0.00104233,0.00034521,0.00279788,0.00006391,0.00753724,0.00137484,0.00071697,0.00030391,0.00035526,0.02944300,0.00789890,0.00112117,0.00161697,0.02230500,0.04706972,0.00280371,0.00123264,0.06734751,0.03052862,0.00220894,0.00366745,0.00007766,0.00005661,0.00000045,0.23471561,0.01574055,0.00195210,0.00332880,0.00002194,0.00000006,0.00000036,0.00000104,0.00000045,0,0.038247420099941684,-0.03602244139263423,0.05007231812714145,0.4130283296108246,0.46506959199905396,0,0.4130283296108246,0.46506959199905396,0
00:00:04:21.142,51,0.79437554,0.82468301,0.08193060,0.08811488,0.00255631,0.47366735,0.00034647,0.67720413,0.83143753,0.16174921,0.02046782,0.00205833,0.47310901,0.00015458,0.00021245,0.00003162,0.00406969,0.00970172,0.00105487,0.00034167,0.00256920,0.00006914,0.00805738,0.00202504,0.00090878,0.00024816,0.00026611,0.03293671,0.00782963,0.00156280,0.00136139,0.01893983,0.04428050,0.00276373,0.00108328,0.08881275,0.03034464,0.00181618,0.00302423,0.00007465,0.00005030,0.00000042,0.22453205,0.01463877,0.00198570,0.00381215,0.00002317,0.00000005,0.00000034,0.00000107,0.00000042,0,0.029027785611176072,-0.03457735094279421,0.04881057803334631,0.413046658039093,0.4659497141838074,0,0.413046658039093,0.4659497141838074,0
00:00:04:22.143,51,0.79800820,0.82706946,0.08965457,0.08185952,0.00267679,0.48680741,0.00036042,0.69651186,0.83136404,0.16542155,0.02140316,0.00204678,0.48273000,0.00014345,0.00021492,0.00003538,0.00400451,0.00960619,0.00112087,0.00031845,0.00270150,0.00005930,0.00944053,0.00178054,0.00090537,0.00018428,0.00020037,0.03439609,0.01016389,0.00118590,0.00127952,0.02114836,0.04796409,0.00261662,0.00076520,0.08070843,0.03672830,0.00199293,0.00303977,0.00004810,0.00003525,0.00000036,0.21314596,0.01667553,0.00226160,0.00409337,0.00002329,0.00000004,0.00000033,0.00000097,0.00000036,0,0.028230154400534193,-0.031839092948728304,0.046072960761610736,0.41284245252609253,0.46619153022766113,0,0.41284245252609253,0.46619153022766113,0
00:00:04:23.144,51,0.80138791,0.83140194,0.08845586,0.07603075,0.00245410,0.52278471,0.00033100,0.68503630,0.83893573,0.13970330,0.02777006,0.00206970,0.47199881,0.00016207,0.00029643,0.00003894,0.00282388,0.00848326,0.00102005,0.00035728,0.00209262,0.00007599,0.00647917,0.00369083,0.00182247,0.00014962,0.00017517,0.05529922,0.01007122,0.00132432,0.00193377,0.01263426,0.03522464,0.00176041,0.00078617,0.09550828,0.03287888,0.00216972,0.00396240,0.00007573,0.00005135,0.00000044,0.20919964,0.01547234,0.00238948,0.00435415,0.00002678,0.00000005,0.00000035,0.00000107,0.00000044,0,0.024488521711624526,-0.026441361946877667,0.05064451753487422,0.41220131516456604,0.46696019172668457,0,0.41220131516456604,0.46696019172668457,0
00:00:04:24.145,51,0.77955770,0.81914794,0.11628576,0.05149991,0.00262919,0.55472475,0.00036715,0.66642487,0.82716757,0.12783627,0.03410263,0.00210741,0.46145517,0.00017211,0.00029490,0.00003419,0.00402911,0.01038773,0.00110357,0.00038002,0.00186653,0.00005886,0.00817874,0.00313732,0.00174166,0.00016071,0.00018724,0.05677828,0.01481192,0.00101975,0.00158075,0.01998609,0.04592549,0.00226507,0.00106572,0.09073598,0.04530331,0.00249908,0.00409005,0.00007962,0.00005982,0.00000049,0.22301684,0.01258293,0.00192806,0.00371951,0.00003131,0.00000005,0.00000037,0.00000090,0.00000049,0,0.025834345231530352,-0.026641201563338376,0.04601967681684836,0.4122057557106018,0.466071754693985,0,0.4122057557106018,0.466071754693985,0
00:00:04:25.146,51,0.77115119,0.76165593,0.11589171,0.05608313,0.00380026,0.60517031,0.00034929,0.63332224,0.75109094,0.15552683,0.02558443,0.00455393,0.62610292,0.00018277,0.00024840,0.00003585,0.00335725,0.00999177,0.00140203,0.00030342,0.00216049,0.00007256,0.00616471,0.00281234,0.00146354,0.00013867,0.00015314,0.05369361,0.01486630,0.00120828,0.00160784,0.01641063,0.04566646,0.00186039,0.00048861,0.09848218,0.04402040,0.00188588,0.00301498,0.00002878,0.00002134,0.00000031,0.39732739,0.00304772,0.00108466,0.00190936,0.00002392,0.00000003,0.00000031,0.00000055,0.00000031,0,0.006069824564018357,-0.026000851414664874,0.0444566237790178,0.41357526183128357,0.45865577459335327,0,0.41357526183128357,0.45865577459335327,0
00:00:04:26.147,51,0.49497652,0.38572928,0.06338616,0.07549679,0.02336640,0.51225370,0.00092536,0.28149113,0.35598019,0.08300920,0.06130804,0.03146280,0.49940485,0.00106257,0.00033699,0.00001645,0.00256276,0.00593096,0.00077980,0.00026364,0.00077732,0.00001705,0.00966802,0.00933008,0.00479784,0.00032341,0.00038431,0.04645142,0.00801742,0.00395503,0.00360243,0.00765365,0.02518707,0.00101642,0.00049669,0.10672216,0.05217978,0.00171728,0.00232619,0.00002532,0.00001776,0.00000042,0.31372440,0.00191729,0.00128939,0.00237925,0.00002609,0.00000003,0.00000022,0.00000038,0.00000042,0,-0.002463987288429182,-0.012704891511233258,0.04258698849548882,0.4103037714958191,0.44723814725875854,0,0.4103037714958191,0.44723814725875854,0
00:00:04:27.148,51,0.19301887,0.10259502,0.05131898,0.09864146,0.09628789,0.43433338,0.00375034,0.11532070,0.10618494,0.04115133,0.11458750,0.10049970,0.38245025,0.00370989,0.00030790,0.00002307,0.00340431,0.00862164,0.00088428,0.00046968,0.00188660,0.00002925,0.00941431,0.00239846,0.00113949,0.00017991,0.00025414,0.04923418,0.00514738,0.00125633,0.00160823,0.01343396,0.03414859,0.00120846,0.00061695,0.10676641,0.04556002,0.00333056,0.00408205,0.00001632,0.00001094,0.00000066,0.27881229,0.00175398,0.00188148,0.00531164,0.00003378,0.00000005,0.00000028,0.00000044,0.00000066,0,-0.038316637818194006,-0.01442456871941327,0.04729208850084623,0.4049946665763855,0.44111716747283936,0,0.4049946665763855,0.44111716747283936,0
00:00:04:28.149,51,0.15704845,0.09255266,0.05227357,0.08651567,0.10168229,0.34405872,0.00447692,0.07082547,0.09085545,0.05516328,0.08588897,0.11256858,0.30536738,0.00673445,0.00042992,0.00002595,0.00247049,0.00905497,0.00095855,0.00059115,0.00113412,0.00003920,0.00758834,0.00814300,0.00405387,0.00011235,0.00018595,0.09934884,0.00654275,0.00151403,0.00283351,0.00886682,0.02966757,0.00071039,0.00096401,0.14803661,0.05277627,0.00367223,0.00469431,0.00003970,0.00002293,0.00000092,0.21741767,0.00367689,0.00292830,0.00695013,0.00004513,0.00000006,0.00000038,0.00000061,0.00000092,0,-0.038118281204363114,-0.013971507916101902,0.05512539725571358,0.40556830167770386,0.4415678381919861,0,0.40556830167770386,0.4415678381919861,0
00:00:04:29.150,51,0.14258128,0.09289365,0.06037576,0.08164989,0.09277501,0.32487050,0.00516144,0.06200102,0.09022058,0.03751242,0.11772392,0.10126147,0.25197580,0.00691269,0.00034734,0.00002395,0.00139301,0.00468567,0.00045501,0.00057109,0.00141208,0.00006910,0.00449577,0.00900389,0.00603438,0.00018937,0.00024744,0.03780749,0.00811459,0.00219644,0.00256474,0.00605045,0.01254865,0.00094147,0.00132725,0.10750286,0.06179271,0.00288609,0.00312828,0.00004213,0.00003333,0.00000082,0.20708650,0.00614722,0.00380641,0.00659727,0.00003245,0.00000006,0.00000025,0.00000070,0.00000082,0,-0.03406377612903764,-0.006882174986761542,0.04809392775291486,0.40442508459091187,0.44113922119140625,0,0.40442508459091187,0.44113922119140625,0
00:00:05:00.151,51,0.09512791,0.09864005,0.07704660,0.06401817,0.08660775,0.30032521,0.00803785,0.04630291,0.09888109,0.03836761,0.11578699,0.09500144,0.20625803,0.00948152,0.00030429,0.00001363,0.00127983,0.00269457,0.00028767,0.00030182,0.00056283,0.00002955,0.00999622,0.02633386,0.01750213,0.00031639,0.00040485,0.04888399,0.01046238,0.00473479,0.00440899,0.00596143,0.00966239,0.00192327,0.00139471,0.17659841,0.12249876,0.00180483,0.00156274,0.00005117,0.00003630,0.00000090,0.19520266,0.00839189,0.00511516,0.00830621,0.00003134,0.00000005,0.00000030,0.00000075,0.00000090,0,-0.04309133797918254,-0.0021060309367406473,0.04971202707853565,0.4043232500553131,0.4417499005794525,0,0.4043232500553131,0.4417499005794525,0
00:00:05:01.152,51,0.08240853,0.11185384,0.07541648,0.06020806,0.07508410,0.26059315,0.00860573,0.03619580,0.10836753,0.04010092,0.09785450,0.08613887,0.20748073,0.01237279,0.00031647,0.00001453,0.00106086,0.00260814,0.00027079,0.00048432,0.00104214,0.00013748,0.00214353,0.02451555,0.02013230,0.00027137,0.00033248,0.02767328,0.01136891,0.00427943,0.00441850,0.00369276,0.00530209,0.00101758,0.00166372,0.11604120,0.08615094,0.00231110,0.00226693,0.00005436,0.00005032,0.00000089,0.12324063,0.01286030,0.01149919,0.01516634,0.00002812,0.00000006,0.00000026,0.00000094,0.00000089,0,-0.05022028185912555,-0.010822345850781118,0.05043003099663999,0.40510693192481995,0.442221462726593,0,0.40510693192481995,0.442221462726593,0
00:00:05:02.153,51,0.07904571,0.09457307,0.06299730,0.06914062,0.09104837,0.26104847,0.00925596,0.03054202,0.08980817,0.04669455,0.09260967,0.10142186,0.15616834,0.01487407,0.00037167,0.00001431,0.00073092,0.00182601,0.00017432,0.00046568,0.00086310,0.00009573,0.00318357,0.08848062,0.07432458,0.00024067,0.00026024,0.02964006,0.01719438,0.00962654,0.00683006,0.00288420,0.00478596,0.00104716,0.00203086,0.12752573,0.11761766,0.00228551,0.00195823,0.00008772,0.00009001,0.00000093,0.11656074,0.01135969,0.01432680,0.01686833,0.00003462,0.00000007,0.00000027,0.00000106,0.00000093,0,-0.05228809025911952,-0.015293310330548347,0.05058914305857597,0.40467649698257446,0.44193708896636963,0,0.40467649698257446,0.44193708896636963,0
00:00:05:03.154,51,0.08074517,0.09543925,0.07924710,0.05827637,0.09074949,0.23259073,0.00892275,0.02969337,0.08690368,0.03632977,0.11145525,0.10299916,0.16143003,0.01564210,0.00037805,0.00001434,0.00068288,0.00166391,0.00014468,0.00050486,0.00110316,0.00014914,0.00207248,0.07725042,0.06804173,0.00026317,0.00028402,0.02502934,0.01665114,0.00884386,0.00678006,0.00242525,0.00390993,0.00089315,0.00220822,0.10576538,0.10038640,0.00249672,0.00217169,0.00009065,0.00009748,0.00000092,0.12597230,0.01284325,0.01238357,0.01505118,0.00003083,0.00000007,0.00000024,0.00000111,0.00000092,0,-0.05643842733211875,-0.010996498350512977,0.052777773225277415,0.4041834771633148,0.4414469301700592,0,0.4041834771633148,0.4414469301700592,0
00:00:05:04.155,51,0.08605710,0.11311496,0.07575082,0.05991682,0.07673359,0.28335807,0.00906595,0.03664687,0.10878620,0.04287578,0.09714931,0.08532631,0.18706399,0.01244453,0.00036483,0.00002018,0.00051577,0.00163362,0.00013499,0.00051743,0.00128960,0.00018544,0.00185942,0.22927406,0.22191466,0.00015821,0.00016368,0.03034642,0.02146592,0.01066095,0.01270381,0.00286767,0.00524079,0.00118546,0.00249369,0.10214119,0.10771019,0.00184175,0.00173849,0.00012480,0.00016866,0.00000096,0.13342111,0.00993047,0.01200292,0.01242136,0.00003572,0.00000008,0.00000029,0.00000105,0.00000096,0,-0.053818337655266946,-0.010205951461585412,0.05428452359240195,0.40492352843284607,0.4427471458911896,0,0.40492352843284607,0.4427471458911896,0
00:00:05:05.156,51,0.07639783,0.12781157,0.07996879,0.05645398,0.06657372,0.24487370,0.00907300,0.02941657,0.11905526,0.04117237,0.09667081,0.07800744,0.17817363,0.01584088,0.00032162,0.00001500,0.00055861,0.00139631,0.00012550,0.00047158,0.00122910,0.00019474,0.00174985,0.18672054,0.17632413,0.00017938,0.00017693,0.02970656,0.02891090,0.01146658,0.00805927,0.00260439,0.00402482,0.00139752,0.00257485,0.09918048,0.10801175,0.00149102,0.00131484,0.00011541,0.00016957,0.00000079,0.13952911,0.00956709,0.01009740,0.01144359,0.00002835,0.00000007,0.00000024,0.00000088,0.00000079,0,-0.033405787505824215,-0.016600894049685955,0.04991121753492533,0.4043336510658264,0.4421902000904083,0,0.4043336510658264,0.4421902000904083,0
00:00:05:06.157,51,0.08744410,0.13532104,0.05888503,0.06670016,0.06302772,0.22063664,0.00811289,0.03006038,0.11495737,0.04723468,0.08177500,0.07409482,0.19988348,0.01618330,0.00043166,0.00002302,0.00099988,0.00399380,0.00014079,0.00112982,0.00149559,0.00016972,0.00213031,0.40627682,0.29196239,0.00015543,0.00018361,0.07900822,0.02172254,0.00541485,0.00490725,0.00437512,0.01034531,0.00236536,0.01399465,0.09827456,0.06609473,0.00483436,0.00525326,0.00584510,0.00657173,0.00000217,0.13935272,0.01397873,0.00927944,0.00953122,0.00008691,0.00000020,0.00000038,0.00000129,0.00000217,0,-0.01963517604518815,-0.013954205684982977,0.05626993136283063,0.4046371877193451,0.44240668416023254,0,0.4046371877193451,0.44240668416023254,0
00:00:05:07.158,51,0.10670741,0.15500411,0.07145105,0.06145985,0.05367669,0.29394332,0.00743923,0.04179152,0.14729327,0.03822517,0.10282037,0.05895195,0.21085764,0.01135034,0.00029234,0.00002640,0.00050149,0.00211548,0.00011698,0.00052884,0.00176582,0.00036444,0.00121289,0.41815677,0.33864135,0.00016734,0.00018703,0.04530424,0.02135199,0.00555548,0.00785356,0.00512916,0.00799360,0.00298426,0.00610862,0.10541823,0.08114896,0.00167867,0.00185917,0.00074342,0.00094155,0.00000167,0.16343819,0.01320486,0.00623576,0.00845926,0.00005188,0.00000016,0.00000030,0.00000106,0.00000167,0,-0.029305866210940643,-0.01563713411074288,0.05354194244017297,0.40429776906967163,0.4431343376636505,0,0.40429776906967163,0.4431343376636505,0
00:00:05:08.159,51,0.09891748,0.14499322,0.09188838,0.04991052,0.05770914,0.26108935,0.00815459,0.03891570,0.13718818,0.03031566,0.12402637,0.06444044,0.21072775,0.01262656,0.00024072,0.00001782,0.00067637,0.00211349,0.00011939,0.00064720,0.00307256,0.00030806,0.00156527,0.54856825,0.46785456,0.00020357,0.00021901,0.02122877,0.01419066,0.00548940,0.00724102,0.00520625,0.00868843,0.00344285,0.00666040,0.06080121,0.05782112,0.00165460,0.00170717,0.00113880,0.00134747,0.00000182,0.13808785,0.02231150,0.00746098,0.01049942,0.00005255,0.00000020,0.00000028,0.00000097,0.00000182,0,-0.04741066714887372,-0.0072686328997921025,0.053142514019747046,0.4045371413230896,0.44290539622306824,0,0.4045371413230896,0.44290539622306824,0
00:00:05:09.160,51,0.10382620,0.15383208,0.07906622,0.05334676,0.05544507,0.25797251,0.00723138,0.02984487,0.13807593,0.03388618,0.10965428,0.06238833,0.19337226,0.01615135,0.00028355,0.00002897,0.00072643,0.00333654,0.00013589,0.00085021,0.00236676,0.00025556,0.00168453,0.57729727,0.46746987,0.00029479,0.00032605,0.03455651,0.01634883,0.00504062,0.00547558,0.00830319,0.01413791,0.00646188,0.01763514,0.06809983,0.06020776,0.00331210,0.00348665,0.00978827,0.01152673,0.00000259,0.12954476,0.01900554,0.00679457,0.01140043,0.00009404,0.00000033,0.00000039,0.00000105,0.00000259,0,-0.02027171669526637,-0.02324219445432183,0.05719754873657999,0.40385255217552185,0.4430779218673706,0,0.40385255217552185,0.4430779218673706,0
00:00:05:10.161,51,0.14896971,0.13784465,0.07426640,0.06113353,0.06814209,0.31383815,0.00605233,0.07871059,0.13011304,0.03408081,0.11809952,0.06710886,0.31666753,0.00706813,0.00038968,0.00004959,0.00075069,0.00546322,0.00019131,0.00142994,0.00336903,0.00043307,0.00110119,0.70111215,0.64724147,0.00019796,0.00021618,0.03165968,0.01685725,0.00201106,0.00420676,0.00851252,0.03021758,0.00455800,0.01284123,0.04874665,0.05200188,0.00689552,0.00901431,0.02369136,0.02959783,0.00000361,0.18221383,0.01344423,0.00588089,0.00862019,0.00015735,0.00000044,0.00000037,0.00000105,0.00000361,0,-0.01086029196931808,-0.01879316304144412,0.05134893326768303,0.40350398421287537,0.4433125853538513,0,0.40350398421287537,0.4433125853538513,0
00:00:05:11.162,51,0.12383636,0.15930361,0.05616934,0.06913690,0.05155646,0.29350552,0.00641091,0.04723658,0.14784425,0.04491941,0.08762806,0.05648759,0.25656179,0.01035716,0.00026401,0.00002684,0.00056215,0.00253604,0.00011001,0.00086768,0.00375234,0.00038920,0.00115825,0.63434088,0.55610698,0.00034442,0.00037790,0.02033346,0.01085999,0.00393789,0.00620457,0.00570598,0.01142010,0.00547043,0.01459860,0.04025540,0.03630913,0.00261148,0.00291530,0.00900380,0.01077421,0.00000263,0.17182891,0.02004083,0.00567810,0.00812724,0.00007755,0.00000032,0.00000030,0.00000110,0.00000263,0,-0.016698753065968408,-0.02143623985533415,0.051146857476250404,0.4040979743003845,0.4438895285129547,0,0.4040979743003845,0.4438895285129547,0
00:00:05:12.163,51,0.12347094,0.16124879,0.05310889,0.07044704,0.05232160,0.29625350,0.00698651,0.05509677,0.14829016,0.05026428,0.07858245,0.05630732,0.24447066,0.00872591,0.00023303,0.00002323,0.00055119,0.00202455,0.00008613,0.00039567,0.00151621,0.00047179,0.00085209,0.64440131,0.56761861,0.00084120,0.00094388,0.02446617,0.01415539,0.00598894,0.01176561,0.01032419,0.01388772,0.01187822,0.01531315,0.07789373,0.07047611,0.00182327,0.00197143,0.00555478,0.00640854,0.00000338,0.16959386,0.02526834,0.00629464,0.00804834,0.00007761,0.00000038,0.00000041,0.00000135,0.00000338,0,-0.024597116189121818,-0.020090988702854102,0.04567782097729725,0.4043215811252594,0.4434777498245239,0,0.4043215811252594,0.4434777498245239,0
00:00:05:13.164,51,0.14422902,0.19111718,0.05062649,0.07571914,0.04383852,0.31396785,0.00598129,0.06497418,0.17976418,0.05314931,0.07516050,0.04495776,0.26630673,0.00744590,0.00018606,0.00001897,0.00057857,0.00152711,0.00007737,0.00056851,0.00328329,0.00029996,0.00199788,0.65102321,0.54502881,0.00028968,0.00033516,0.04060834,0.01614122,0.00238970,0.00377820,0.00747035,0.01312866,0.01173528,0.01430258,0.06709512,0.05176524,0.00110380,0.00122041,0.00632938,0.00719650,0.00000222,0.20189628,0.01153380,0.00425029,0.00683138,0.00006324,0.00000023,0.00000026,0.00000112,0.00000222,0,-0.013244282047516633,-0.013102706444276706,0.04878605588049902,0.40503349900245667,0.4439328908920288,0,0.40503349900245667,0.4439328908920288,0
00:00:05:14.165,51,0.14536738,0.21269731,0.04582988,0.08492913,0.04038040,0.32694718,0.00633383,0.06401241,0.19629450,0.05464227,0.07766663,0.04222419,0.30821717,0.00852205,0.00025786,0.00002352,0.00069768,0.00233412,0.00009333,0.00057040,0.00217765,0.00034114,0.00132089,0.70635223,0.61540294,0.00053826,0.00055117,0.02954074,0.01935519,0.00320740,0.00365075,0.01173996,0.01992827,0.01609472,0.01706294,0.07067355,0.07040369,0.00255627,0.00298058,0.02229289,0.02590621,0.00000316,0.24047010,0.01306662,0.00307747,0.00560139,0.00010344,0.00000039,0.00000033,0.00000091,0.00000316,0,0.005357913689486747,-0.01375953622158905,0.0488459660654941,0.4043201506137848,0.44384416937828064,0,0.4043201506137848,0.44384416937828064,0
00:00:05:15.166,51,0.13217247,0.15883097,0.04949540,0.07949928,0.05379979,0.33052623,0.00686423,0.06941585,0.15045717,0.05238089,0.07898639,0.05631816,0.30368680,0.00771462,0.00023366,0.00002667,0.00056394,0.00172962,0.00006768,0.00088418,0.00371668,0.00028684,0.00182755,0.69520772,0.61392212,0.00037654,0.00034966,0.02493752,0.02121972,0.00269705,0.00200368,0.00752732,0.01318703,0.01386779,0.02041784,0.05004780,0.05457814,0.00264268,0.00272942,0.02260070,0.02814763,0.00000236,0.21824056,0.01837058,0.00381564,0.00553080,0.00008784,0.00000032,0.00000022,0.00000103,0.00000236,0,-0.0006993147788647443,-0.014109440376348092,0.04097959909892556,0.4039895534515381,0.44438058137893677,0,0.4039895534515381,0.44438058137893677,0
00:00:05:16.167,51,0.13038796,0.21101217,0.05412587,0.07570580,0.04064252,0.34317881,0.00744004,0.06957509,0.21178031,0.04785972,0.08676360,0.03903401,0.27409834,0.00801149,0.00030428,0.00002612,0.00049417,0.00158603,0.00006173,0.00111822,0.00489090,0.00026936,0.00188041,0.72171128,0.63189971,0.00026276,0.00027469,0.02552132,0.01357543,0.00256860,0.00310552,0.00406616,0.01121760,0.00736803,0.01663678,0.03616619,0.03405420,0.00292652,0.00377867,0.03098108,0.03494765,0.00000243,0.23005813,0.01545628,0.00296373,0.00552553,0.00008704,0.00000029,0.00000025,0.00000121,0.00000243,0,-0.0035286991080122733,-0.013089412731690644,0.04502084715970475,0.4042798578739166,0.4456546902656555,0,0.4042798578739166,0.4456546902656555,0
00:00:05:17.168,51,0.13527042,0.21209812,0.07543599,0.05718714,0.04085782,0.33432755,0.00714846,0.07033671,0.20401287,0.03580716,0.10629366,0.04111366,0.28051302,0.00795498,0.00036842,0.00002657,0.00057649,0.00185782,0.00005853,0.00060462,0.00188556,0.00025667,0.00115837,0.73464119,0.64515203,0.00100684,0.00108514,0.02624240,0.01250097,0.00498780,0.00834170,0.00829447,0.01618199,0.01087183,0.01654863,0.05410076,0.05157054,0.00396002,0.00532826,0.02973881,0.03037217,0.00000389,0.21234339,0.02211578,0.00314426,0.00640876,0.00010813,0.00000046,0.00000041,0.00000132,0.00000389,0,0.0013477638796987165,-0.012337467492029578,0.04878930696023782,0.4042171537876129,0.4450477957725525,0,0.4042171537876129,0.4450477957725525,0
00:00:05:18.169,51,0.15095259,0.20149226,0.06534117,0.06716581,0.04458621,0.34708893,0.00649323,0.08167178,0.19959199,0.04006864,0.10234296,0.04287628,0.31574488,0.00716594,0.00033364,0.00003067,0.00050434,0.00168421,0.00005666,0.00073793,0.00262538,0.00026060,0.00158719,0.72769588,0.63596380,0.00046500,0.00050988,0.04177256,0.01880319,0.00261115,0.00405419,0.00723207,0.01595417,0.01122795,0.01684855,0.05436676,0.05327646,0.00332040,0.00432593,0.03207454,0.03239626,0.00000330,0.21866059,0.01803483,0.00286964,0.00602836,0.00010443,0.00000039,0.00000031,0.00000126,0.00000330,0,0.0008397483774013781,-0.013024146282488856,0.04764396235317193,0.40434807538986206,0.44449442625045776,0,0.40434807538986206,0.44449442625045776,0
00:00:05:19.170,51,0.15168984,0.19845109,0.04893181,0.08344772,0.04506557,0.37631664,0.00684134,0.08255003,0.20372245,0.05184715,0.08455888,0.04124705,0.27837953,0.00689319,0.00035297,0.00002819,0.00054265,0.00163377,0.00005368,0.00096424,0.00319995,0.00028859,0.00165635,0.73000056,0.64586008,0.00032269,0.00032873,0.03619110,0.02150964,0.00277647,0.00318312,0.00549380,0.01441807,0.00865569,0.01563549,0.05275203,0.05193734,0.00360410,0.00478136,0.02664045,0.03172707,0.00000294,0.20946312,0.02040019,0.00317448,0.00613329,0.00010127,0.00000033,0.00000029,0.00000139,0.00000294,0,-0.002926051578877955,-0.01768656938192658,0.042655491045896464,0.40407872200012207,0.44503456354141235,0,0.40407872200012207,0.44503456354141235,0
00:00:05:20.171,51,0.15286617,0.20730522,0.06386773,0.06956018,0.04368056,0.34507987,0.00679273,0.07163593,0.20454840,0.04188891,0.10024770,0.04149805,0.26705793,0.00774018,0.00025131,0.00002662,0.00043319,0.00117541,0.00004678,0.00059273,0.00344605,0.00026406,0.00209438,0.71733868,0.61601859,0.00034512,0.00041285,0.05606437,0.02082018,0.00179448,0.00348333,0.00657148,0.01273080,0.01423235,0.01707291,0.05641542,0.05062098,0.00182653,0.00228990,0.02288772,0.02157231,0.00000289,0.21330597,0.01556686,0.00354690,0.00682639,0.00008514,0.00000031,0.00000028,0.00000144,0.00000289,0,0.004245296719734682,-0.01397451247521595,0.04946110470591184,0.40409141778945923,0.44577306509017944,0,0.40409141778945923,0.44577306509017944,0
00:00:05:21.172,51,0.14451413,0.20888996,0.07563929,0.06133160,0.04409041,0.37918097,0.00701535,0.06854215,0.20529479,0.03628800,0.11187106,0.04206981,0.27564138,0.00840044,0.00025091,0.00002766,0.00042970,0.00128514,0.00005273,0.00054748,0.00281839,0.00027944,0.00190659,0.72251880,0.62498903,0.00032304,0.00036811,0.04980792,0.02265946,0.00194046,0.00314357,0.00654411,0.01558252,0.01253700,0.01406123,0.05757700,0.05087003,0.00169857,0.00221279,0.01682234,0.01727392,0.00000276,0.20994875,0.01377870,0.00312425,0.00677999,0.00008415,0.00000030,0.00000027,0.00000120,0.00000276,0,0.004814500444338669,-0.009195923637583642,0.051171116096141694,0.404146283864975,0.44602808356285095,0,0.404146283864975,0.44602808356285095,0
00:00:05:22.173,51,0.13697430,0.20271236,0.04993005,0.07973101,0.04456355,0.35800499,0.00763728,0.06273848,0.19859900,0.05487502,0.07750750,0.04227651,0.24762483,0.00868492,0.00025093,0.00002795,0.00042358,0.00124162,0.00005218,0.00059898,0.00282105,0.00022492,0.00241113,0.72918510,0.64257896,0.00042595,0.00048768,0.04422345,0.01916599,0.00229117,0.00409658,0.00732708,0.01445978,0.01600488,0.01918402,0.05945824,0.05630167,0.00178049,0.00226410,0.02131378,0.02152274,0.00000306,0.19978039,0.01956041,0.00342763,0.00643019,0.00008931,0.00000034,0.00000033,0.00000142,0.00000306,0,0.0020339178702227195,-0.01489140273075727,0.0497768352463199,0.40441495180130005,0.44619908928871155,0,0.40441495180130005,0.44619908928871155,0
00:00:05:23.174,51,0.13300456,0.20868360,0.05091337,0.07787877,0.04202965,0.35742435,0.00752196,0.06463321,0.20449482,0.05272106,0.08037277,0.04040822,0.25820532,0.00816308,0.00019229,0.00001514,0.00063644,0.00117797,0.00005413,0.00024506,0.00144790,0.00013843,0.00315907,0.69773793,0.58917505,0.00098991,0.00107413,0.04371647,0.02083726,0.00381396,0.00532420,0.01431907,0.01565838,0.02655115,0.01478520,0.09139639,0.07936208,0.00093793,0.00111544,0.00579800,0.00610962,0.00000314,0.19129205,0.02268384,0.00341943,0.00685916,0.00007541,0.00000031,0.00000034,0.00000114,0.00000314,0,-0.011445310172308735,-0.011858221775202307,0.051009870847240436,0.4043648838996887,0.446347713470459,0,0.4043648838996887,0.446347713470459,0
00:00:05:24.175,51,0.14360721,0.19276887,0.06622081,0.06503157,0.04511262,0.37770838,0.00687792,0.08055659,0.20162004,0.03975068,0.10350958,0.04024916,0.23046125,0.00624064,0.00024508,0.00001394,0.00077221,0.00134212,0.00005619,0.00041283,0.00158426,0.00009318,0.00408909,0.68341935,0.56998253,0.00077905,0.00083013,0.03482205,0.01497745,0.00445086,0.00590272,0.01034335,0.01453738,0.01619655,0.01382040,0.08471389,0.07757735,0.00147522,0.00181109,0.00790890,0.00822578,0.00000294,0.19110018,0.02063854,0.00291012,0.00706390,0.00008120,0.00000027,0.00000034,0.00000121,0.00000294,0,-0.007006234025234775,0.0008670115948024872,0.05020063273161686,0.4044552743434906,0.44610917568206787,0,0.4044552743434906,0.44610917568206787,0
00:00:05:25.176,51,0.14297433,0.19475316,0.07363993,0.05980763,0.04591058,0.37947950,0.00683940,0.08715486,0.19797114,0.03883822,0.10349822,0.04309598,0.27093154,0.00616413,0.00021583,0.00001350,0.00075233,0.00120955,0.00005061,0.00028573,0.00126506,0.00013949,0.00256962,0.67702186,0.56531262,0.00091426,0.00094180,0.03660304,0.01887321,0.00506800,0.00578813,0.01084826,0.01377029,0.01635394,0.01118036,0.09387349,0.08064385,0.00113889,0.00134005,0.00356326,0.00394834,0.00000279,0.18358774,0.02310248,0.00311590,0.00683643,0.00006803,0.00000026,0.00000029,0.00000114,0.00000279,0,-0.00013614669899322492,0.0006936212558982032,0.04635410482664309,0.40480127930641174,0.44571036100387573,0,0.40480127930641174,0.44571036100387573,0
00:00:05:26.177,51,0.12985601,0.17396834,0.06956515,0.06333902,0.05365143,0.39772338,0.00760278,0.08400545,0.17734185,0.04123415,0.10018865,0.05064370,0.28140530,0.00659777,0.00015984,0.00001490,0.00077602,0.00137789,0.00006065,0.00015824,0.00079019,0.00019971,0.00188312,0.68180466,0.56959081,0.00105049,0.00103620,0.04131565,0.02720981,0.00566695,0.00567346,0.01770998,0.01982180,0.02942230,0.00979103,0.13382538,0.11743492,0.00077412,0.00083120,0.00173016,0.00200768,0.00000291,0.17322932,0.02350581,0.00380402,0.00727112,0.00006484,0.00000027,0.00000030,0.00000094,0.00000291,0,0.00013382521163051263,2.38075791568196e-05,0.04258079494514059,0.4049869477748871,0.44597938656806946,0,0.4049869477748871,0.44597938656806946,0
00:00:05:27.178,51,0.12955970,0.18079320,0.06772152,0.06456903,0.04847720,0.40382814,0.00760176,0.08284586,0.19428867,0.03950333,0.10330313,0.04346819,0.22874823,0.00604715,0.00011767,0.00001430,0.00064016,0.00108569,0.00005983,0.00018456,0.00143884,0.00024427,0.00213204,0.70212400,0.59208739,0.00069557,0.00071354,0.03563408,0.02040374,0.00409701,0.00484517,0.01306443,0.01466673,0.03256822,0.00953765,0.10999925,0.08558667,0.00044795,0.00045892,0.00143036,0.00158996,0.00000243,0.19306614,0.02114952,0.00358618,0.00760161,0.00004956,0.00000022,0.00000026,0.00000093,0.00000243,0,-0.014611701728519626,0.002371679911907329,0.041157731368118775,0.4051198363304138,0.4464972913265228,0,0.4051198363304138,0.4464972913265228,0
00:00:05:28.179,51,0.12573615,0.18819138,0.06187685,0.06816606,0.04626646,0.39976919,0.00808055,0.08398268,0.20398833,0.04406314,0.09544494,0.04100419,0.22328931,0.00585947,0.00011950,0.00001263,0.00064180,0.00100635,0.00005151,0.00015809,0.00111895,0.00021521,0.00212807,0.68241966,0.58382154,0.00095775,0.00091534,0.02985951,0.02239173,0.00560592,0.00526253,0.01361569,0.01341292,0.03648460,0.01063993,0.10893299,0.09562615,0.00048153,0.00046916,0.00173393,0.00216323,0.00000232,0.19424255,0.02116139,0.00385507,0.00733592,0.00005121,0.00000021,0.00000026,0.00000095,0.00000232,0,-0.004001130985967246,0.0030887885314358626,0.04063881856916442,0.4052555561065674,0.4472768008708954,0,0.4052555561065674,0.4472768008708954,0
00:00:05:29.180,51,0.14587717,0.20062108,0.05225805,0.07693931,0.04208850,0.39256519,0.00721228,0.09469134,0.22606662,0.04751375,0.09141372,0.03493046,0.19768007,0.00496756,0.00023097,0.00001346,0.00050691,0.00082608,0.00003454,0.00026574,0.00131657,0.00017636,0.00204923,0.66301709,0.58117503,0.00147420,0.00147763,0.02401339,0.01478602,0.00678643,0.01016843,0.00891580,0.00866674,0.02091780,0.01448677,0.08649492,0.08048157,0.00107257,0.00127323,0.00564957,0.00672056,0.00000280,0.21240161,0.01941669,0.00300178,0.00680649,0.00006713,0.00000025,0.00000032,0.00000154,0.00000280,0,0.0057695326384608805,0.0009236670113566437,0.03963907214752217,0.40542346239089966,0.4475342631340027,0,0.40542346239089966,0.4475342631340027,0
00:00:06:00.181,51,0.14209729,0.21723486,0.05472942,0.07514540,0.03901661,0.38700339,0.00691133,0.09024899,0.22962955,0.04353113,0.09936663,0.03477468,0.23863181,0.00550544,0.00017526,0.00001445,0.00045668,0.00086858,0.00004033,0.00019126,0.00124828,0.00026557,0.00143411,0.66563880,0.58638430,0.00136028,0.00138547,0.02654567,0.01803704,0.00645439,0.01029417,0.01013083,0.00873078,0.02618100,0.01214748,0.09438695,0.08330476,0.00070583,0.00079824,0.00301747,0.00383590,0.00000269,0.23589569,0.01187050,0.00348223,0.00655997,0.00005553,0.00000024,0.00000029,0.00000117,0.00000269,0,0.0009724444205831136,-0.004235681772480035,0.036979814951078833,0.4047340750694275,0.4469348192214966,0,0.4047340750694275,0.4469348192214966,0
00:00:06:01.182,51,0.14878340,0.21362373,0.05625007,0.07221846,0.03945454,0.39425001,0.00659933,0.09323916,0.22894111,0.04559427,0.09404137,0.03513438,0.24017046,0.00505941,0.00018443,0.00001111,0.00059173,0.00084361,0.00003809,0.00018334,0.00107205,0.00017141,0.00196895,0.66641521,0.57421184,0.00178236,0.00178229,0.02560349,0.01661907,0.00870194,0.01160646,0.01058365,0.00853710,0.02775861,0.01313698,0.09331897,0.08421233,0.00073572,0.00081434,0.00303003,0.00380100,0.00000270,0.22312838,0.01710108,0.00283707,0.00600941,0.00005525,0.00000025,0.00000031,0.00000122,0.00000270,0,-0.00422874439352623,0.0029165227159557838,0.04085240378511075,0.40535202622413635,0.44744741916656494,0,0.40535202622413635,0.44744741916656494,0
00:00:06:02.183,51,0.15020050,0.21376377,0.05900694,0.07050151,0.03971111,0.39087409,0.00650555,0.09436961,0.22783974,0.04505517,0.09444590,0.03527524,0.23814504,0.00507015,0.00018538,0.00001037,0.00067514,0.00088681,0.00004052,0.00020223,0.00113546,0.00014648,0.00244783,0.66704160,0.55620861,0.00130245,0.00137102,0.03250693,0.01645282,0.00692249,0.00978503,0.01030896,0.00983229,0.02539828,0.01236390,0.09967420,0.08132011,0.00071528,0.00081258,0.00314685,0.00368176,0.00000262,0.21439196,0.01576389,0.00283427,0.00659507,0.00005655,0.00000022,0.00000031,0.00000122,0.00000262,0,-0.010024178105706502,0.001657049659400372,0.045094808574996065,0.405186265707016,0.447191059589386,0,0.405186265707016,0.447191059589386,0
00:00:06:03.184,51,0.12972313,0.20032462,0.04835524,0.07955929,0.04190965,0.39342779,0.00766243,0.08150835,0.21330549,0.05315879,0.08116349,0.03784495,0.22111204,0.00584389,0.00019821,0.00001269,0.00056075,0.00089415,0.00003921,0.00023257,0.00133053,0.00019567,0.00191419,0.66269565,0.56235671,0.00135569,0.00133934,0.02578659,0.01644344,0.00775093,0.00874242,0.00936480,0.00852991,0.02167615,0.01394663,0.09002297,0.07649075,0.00089347,0.00101859,0.00348260,0.00432502,0.00000267,0.20853622,0.01873841,0.00336929,0.00655515,0.00006070,0.00000024,0.00000031,0.00000135,0.00000267,0,-0.014357274362566131,-0.0015437262601980914,0.042732131497968055,0.4050021171569824,0.44737115502357483,0,0.4050021171569824,0.44737115502357483,0
00:00:06:04.185,51,0.12969655,0.19979146,0.04306212,0.08663099,0.04074304,0.40960899,0.00769189,0.08463231,0.22356418,0.05707748,0.07636522,0.03501959,0.19883972,0.00522975,0.00016037,0.00001656,0.00032950,0.00070193,0.00003748,0.00028203,0.00233106,0.00030251,0.00169069,0.64357120,0.57225966,0.00085580,0.00089644,0.02341913,0.01341791,0.00511436,0.00973047,0.00616233,0.00562764,0.02038227,0.01347194,0.07275198,0.05726432,0.00055462,0.00062335,0.00250350,0.00319887,0.00000226,0.21815671,0.02103057,0.00348263,0.00620853,0.00004467,0.00000020,0.00000026,0.00000150,0.00000226,0,-0.020235462965767937,-0.0014568935713529995,0.03957292744347064,0.4050898551940918,0.44817712903022766,0,0.4050898551940918,0.44817712903022766,0
00:00:06:05.186,51,0.13186799,0.20077653,0.03723544,0.09696886,0.03998022,0.39707935,0.00727596,0.08633938,0.22297180,0.06702695,0.06617993,0.03585032,0.19756044,0.00509470,0.00013853,0.00001497,0.00030640,0.00051133,0.00002829,0.00022970,0.00236587,0.00033076,0.00172782,0.60683954,0.53574252,0.00066588,0.00069846,0.02709992,0.01500990,0.00508036,0.00954540,0.00504607,0.00496289,0.02233047,0.01184370,0.07394670,0.05557068,0.00037003,0.00039706,0.00140849,0.00193429,0.00000176,0.21984386,0.02163223,0.00308064,0.00583102,0.00003211,0.00000015,0.00000023,0.00000152,0.00000176,0,-0.02130836522054686,-3.543324799669073e-05,0.03925512178623333,0.40544742345809937,0.4484350085258484,0,0.40544742345809937,0.4484350085258484,0
00:00:06:06.187,51,0.13880162,0.18810172,0.03961557,0.09228849,0.04361836,0.41014156,0.00713809,0.09523889,0.21275036,0.06310751,0.06998628,0.03797717,0.20555152,0.00450806,0.00016590,0.00001466,0.00032112,0.00054729,0.00002826,0.00029672,0.00264562,0.00025729,0.00195017,0.63226473,0.57147509,0.00080318,0.00085939,0.02174428,0.01031471,0.00540683,0.01276458,0.00449136,0.00456210,0.01701586,0.01266244,0.06220890,0.04842091,0.00049798,0.00058357,0.00211868,0.00281371,0.00000196,0.21983807,0.01873339,0.00346241,0.00610759,0.00003691,0.00000017,0.00000026,0.00000172,0.00000196,0,-0.02480064646310914,-0.0013129945866982716,0.03731657230225543,0.4054177403450012,0.44811540842056274,0,0.4054177403450012,0.44811540842056274,0
00:00:06:07.188,51,0.13033833,0.18651572,0.03099195,0.11091992,0.04582077,0.42382914,0.00801711,0.10059799,0.21952224,0.07327662,0.06430893,0.03673505,0.19779217,0.00467704,0.00017338,0.00001548,0.00041506,0.00083009,0.00003927,0.00021667,0.00156704,0.00034385,0.00130593,0.68133157,0.61974776,0.00123479,0.00116500,0.02033936,0.01896997,0.00600749,0.00789426,0.00898885,0.00807992,0.02611710,0.01217951,0.08264793,0.07541221,0.00069542,0.00074411,0.00281706,0.00387672,0.00000245,0.22238086,0.01617492,0.00323545,0.00697055,0.00005755,0.00000022,0.00000027,0.00000134,0.00000245,0,-0.013655955249325502,-0.0018845186008449241,0.0406115748436771,0.4050527513027191,0.44853222370147705,0,0.4050527513027191,0.44853222370147705,0
00:00:06:08.189,51,0.13865618,0.19065918,0.02881658,0.11768243,0.04410527,0.42373630,0.00723503,0.10367068,0.22241476,0.07673589,0.06263828,0.03651704,0.21329887,0.00453929,0.00017691,0.00001284,0.00049546,0.00077818,0.00003796,0.00028045,0.00198481,0.00025046,0.00177930,0.66807598,0.59823668,0.00096759,0.00096372,0.02044919,0.01413385,0.00574972,0.00883001,0.00686628,0.00686792,0.01899310,0.01122722,0.07113333,0.06128812,0.00062567,0.00069499,0.00215496,0.00287742,0.00000231,0.23995432,0.01577151,0.00292198,0.00609990,0.00004843,0.00000019,0.00000027,0.00000132,0.00000231,0,-0.021465174653088257,-0.0019026614757360954,0.039595312674338634,0.40501952171325684,0.44769608974456787,0,0.40501952171325684,0.44769608974456787,0
00:00:06:09.190,51,0.13383511,0.18992047,0.02485867,0.13300301,0.04488637,0.40255308,0.00686652,0.08359131,0.20335512,0.09392555,0.05161266,0.04223159,0.24470086,0.00603060,0.00013358,0.00001297,0.00055826,0.00080702,0.00004584,0.00019166,0.00168743,0.00024183,0.00230403,0.62746918,0.52319145,0.00051223,0.00052310,0.04179944,0.02592708,0.00403779,0.00466472,0.00896802,0.00979799,0.02752906,0.00972600,0.09675661,0.07581726,0.00038834,0.00039018,0.00110620,0.00144460,0.00000184,0.22201733,0.01742685,0.00235659,0.00534468,0.00003949,0.00000016,0.00000022,0.00000098,0.00000184,0,-0.011304997578351827,-0.005433258816366918,0.04560393505143573,0.40498846769332886,0.4476141929626465,0,0.40498846769332886,0.4476141929626465,0
00:00:06:10.191,51,0.13014311,0.21841927,0.02598141,0.13069281,0.03827723,0.37968957,0.00750190,0.08905287,0.23726651,0.08787715,0.05628429,0.03424212,0.21726787,0.00579010,0.00008559,0.00001149,0.00062763,0.00079267,0.00005198,0.00016508,0.00202571,0.00025918,0.00292141,0.67336488,0.57000995,0.00042212,0.00042220,0.03884196,0.02709058,0.00283750,0.00308341,0.01090740,0.01235652,0.04782635,0.01021043,0.09567641,0.07512600,0.00021118,0.00019387,0.00103385,0.00128117,0.00000181,0.22634111,0.01973436,0.00334016,0.00550256,0.00003538,0.00000015,0.00000021,0.00000085,0.00000181,0,-0.019493819030723218,-0.004164866517817625,0.043967835452046806,0.4040980935096741,0.4493938088417053,0,0.4040980935096741,0.4493938088417053,0
00:00:06:11.192,51,0.12396235,0.23934041,0.02678872,0.13039687,0.03562302,0.35741711,0.00829616,0.07766050,0.25305668,0.08908651,0.05644944,0.03205081,0.21531869,0.00753144,0.00010903,0.00001631,0.00053409,0.00087366,0.00005303,0.00025076,0.00262407,0.00032495,0.00249745,0.70799994,0.61085212,0.00029564,0.00031000,0.03869912,0.02628992,0.00219895,0.00280593,0.00859200,0.01288296,0.02926092,0.01050248,0.08520433,0.06665311,0.00031710,0.00032487,0.00159125,0.00178173,0.00000208,0.21819410,0.01810630,0.00386638,0.00650571,0.00004343,0.00000018,0.00000022,0.00000100,0.00000208,0,-0.012898818652127005,-0.016883903966764032,0.04443134298930792,0.40461039543151855,0.44951146841049194,0,0.40461039543151855,0.44951146841049194,0
00:00:06:12.193,51,0.14993471,0.19548228,0.03109046,0.10997456,0.04295005,0.34789225,0.00597761,0.07979152,0.19001506,0.08033138,0.05729450,0.04344220,0.26000828,0.00584858,0.00010897,0.00001143,0.00061543,0.00084433,0.00004618,0.00012827,0.00098040,0.00024445,0.00231002,0.62492353,0.51552057,0.00080859,0.00090503,0.05381651,0.02721445,0.00522050,0.00837486,0.01455994,0.01201462,0.05791263,0.01405683,0.14901112,0.11895437,0.00031866,0.00031571,0.00162059,0.00205241,0.00000228,0.19679910,0.01610810,0.00441542,0.00699773,0.00004106,0.00000020,0.00000033,0.00000111,0.00000228,0,-0.012162857175569971,-0.01098824443162486,0.04876706376777123,0.40395116806030273,0.44892290234565735,0,0.40395116806030273,0.44892290234565735,0
00:00:06:13.194,51,0.14950559,0.14960322,0.03201367,0.10310888,0.05619258,0.36721453,0.00486011,0.07226672,0.13889949,0.07704154,0.05723757,0.06287749,0.34558681,0.00644482,0.00017169,0.00002255,0.00043653,0.00142353,0.00007559,0.00020551,0.00094047,0.00029873,0.00128515,0.59447187,0.49021590,0.00159287,0.00181555,0.03720374,0.01653045,0.00739277,0.01179481,0.01578723,0.01033375,0.03477334,0.02539445,0.11316978,0.08710037,0.00079057,0.00091114,0.00457620,0.00609387,0.00000298,0.24447456,0.01046184,0.00273472,0.00475927,0.00006703,0.00000037,0.00000038,0.00000107,0.00000298,0,-0.006946360685435195,-0.0301127377010411,0.04341672581794402,0.4038429856300354,0.4485059976577759,0,0.4038429856300354,0.4485059976577759,0
00:00:06:14.195,51,0.15923163,0.15211590,0.04509526,0.08419865,0.05457192,0.37777454,0.00435950,0.07516359,0.14596179,0.05357364,0.07861423,0.05961895,0.35908940,0.00611336,0.00037386,0.00002109,0.00068186,0.00216776,0.00009408,0.00030044,0.00045348,0.00013064,0.00180589,0.37220392,0.25426739,0.00126531,0.00140240,0.08176721,0.02240866,0.01161989,0.01055191,0.00907831,0.00742284,0.00857621,0.01532012,0.18507262,0.11596294,0.00217459,0.00289737,0.00250803,0.00311673,0.00000288,0.30488691,0.00542314,0.00202925,0.00340123,0.00007719,0.00000026,0.00000042,0.00000117,0.00000288,0,-0.0010710283278124024,-0.027952608161120475,0.051358910767922594,0.40266579389572144,0.44925135374069214,0,0.40266579389572144,0.44925135374069214,0
00:00:06:15.196,51,0.14287160,0.13674884,0.05575026,0.07561976,0.06462502,0.39208040,0.00431915,0.06025034,0.12876745,0.05315277,0.08445454,0.08107922,0.42171282,0.00940238,0.00065776,0.00001786,0.00092484,0.00249076,0.00014265,0.00031692,0.00030822,0.00006743,0.00211632,0.13207696,0.08784641,0.00169482,0.00207222,0.07242048,0.01597083,0.01461940,0.01844931,0.00650203,0.00630588,0.00227053,0.00498920,0.19347157,0.13098241,0.00388948,0.00546388,0.00037196,0.00035673,0.00000243,0.29915503,0.00374656,0.00146187,0.00328383,0.00006139,0.00000020,0.00000048,0.00000103,0.00000243,0,-0.02443413165033287,-0.03205324432607209,0.052624818485571795,0.40353065729141235,0.44869014620780945,0,0.40353065729141235,0.44869014620780945,0
00:00:06:16.197,51,0.14443232,0.13850658,0.02718811,0.12459797,0.06458024,0.39940193,0.00441049,0.08576147,0.13770448,0.09715729,0.04731142,0.07489721,0.41130701,0.00538519,0.00031136,0.00002638,0.00125684,0.00385585,0.00026362,0.00034381,0.00089748,0.00017145,0.00137311,0.00795322,0.00532474,0.00044846,0.00053480,0.03681849,0.01285454,0.00219484,0.00244378,0.00857217,0.01229876,0.00217164,0.00175866,0.12794349,0.07864940,0.00249062,0.00334228,0.00003658,0.00004582,0.00000085,0.37228256,0.00170903,0.00151401,0.00249467,0.00002874,0.00000006,0.00000024,0.00000065,0.00000085,0,-0.019952415162314843,-0.026412824359834396,0.05467796777332281,0.40448814630508423,0.4514318108558655,0,0.40448814630508423,0.4514318108558655,0
00:00:06:17.198,51,0.17621860,0.18327294,0.02256219,0.16771096,0.05054925,0.45488545,0.00391630,0.08530544,0.17878607,0.06523231,0.08036589,0.05689049,0.41230553,0.00548398,0.00015665,0.00005068,0.00333832,0.01059983,0.00068479,0.00033990,0.00433102,0.00014520,0.00213685,0.00031579,0.00016433,0.00064384,0.00091520,0.02367993,0.00538020,0.00047643,0.00111827,0.05337797,0.05034774,0.00796834,0.00198297,0.06677428,0.03729893,0.00212731,0.00312375,0.00001221,0.00001439,0.00000095,0.55673069,0.00061682,0.00056549,0.00148846,0.00002530,0.00000010,0.00000035,0.00000039,0.00000095,0,-0.013532013489421965,-0.023363967343732202,0.05309070482123959,0.40353521704673767,0.4520326256752014,0,0.40353521704673767,0.4520326256752014,0
00:00:06:18.199,51,0.67938304,0.64243269,0.13770530,0.04123162,0.00622063,0.61041224,0.00042906,0.42929047,0.59134567,0.10424197,0.04185029,0.01429874,0.58921254,0.00053472,0.00027285,0.00004268,0.00257817,0.01007043,0.00120509,0.00027618,0.00194225,0.00003157,0.00635928,0.00173199,0.00104852,0.00033995,0.00047089,0.05627821,0.00872545,0.00094532,0.00384342,0.01848555,0.04351539,0.00185566,0.00046742,0.07105150,0.04406584,0.00215762,0.00374731,0.00001685,0.00001422,0.00000036,0.49878827,0.00065710,0.00071328,0.00106447,0.00002060,0.00000004,0.00000038,0.00000042,0.00000036,0,-0.021167863591730156,-0.029401893572420748,0.046948894292212905,0.41091471910476685,0.4631519317626953,0,0.41091471910476685,0.4631519317626953,0
00:00:06:19.200,51,0.72116804,0.70449495,0.05583434,0.10803252,0.00440543,0.47229108,0.00036026,0.48815829,0.72478884,0.12433477,0.02966395,0.00794569,0.58650088,0.00038976,0.00020188,0.00005426,0.00221272,0.00885711,0.00099769,0.00028754,0.00265930,0.00006598,0.00475300,0.00163841,0.00101811,0.00021917,0.00031184,0.05075726,0.00890865,0.00069743,0.00281456,0.01733628,0.04179922,0.00234994,0.00078311,0.06622099,0.03876499,0.00154185,0.00275328,0.00002311,0.00001974,0.00000033,0.63023663,0.00040579,0.00085981,0.00068627,0.00001711,0.00000003,0.00000036,0.00000047,0.00000033,0,-0.01462054567222048,-0.02544361455984112,0.04575396636433038,0.4102962911128998,0.46569857001304626,0,0.4102962911128998,0.46569857001304626,0
00:00:06:20.201,51,0.58623010,0.54950207,0.07456706,0.07714885,0.01046647,0.56207073,0.00058515,0.34537023,0.54200029,0.09814510,0.04810765,0.01960515,0.69016731,0.00088734,0.00016975,0.00008289,0.00206867,0.01156745,0.00156198,0.00028832,0.00385052,0.00007381,0.00384999,0.00071792,0.00051309,0.00024247,0.00033973,0.03300561,0.01078942,0.00048008,0.00201489,0.02528799,0.05917368,0.00296206,0.00054834,0.04542536,0.04079582,0.00156922,0.00244107,0.00001042,0.00001064,0.00000028,0.73519510,0.00012023,0.00030272,0.00028147,0.00001706,0.00000004,0.00000026,0.00000025,0.00000028,0,-0.022426537987139387,-0.03015608289445492,0.044112593213660796,0.41086119413375854,0.4613286852836609,0,0.41086119413375854,0.4613286852836609,0
00:00:06:21.202,51,0.33652094,0.27451998,0.07550704,0.07190761,0.03795628,0.50296211,0.00181494,0.15255044,0.24366486,0.03375979,0.13697314,0.04484420,0.47125471,0.00224004,0.00015967,0.00004422,0.00308094,0.00936730,0.00085046,0.00043439,0.00787067,0.00001496,0.01525086,0.00026678,0.00015154,0.00110336,0.00115795,0.00923475,0.00380056,0.00108110,0.00095461,0.02745011,0.02881614,0.00476135,0.00169848,0.02535515,0.02760303,0.00227322,0.00262660,0.00001973,0.00002312,0.00000043,0.71152818,0.00011407,0.00029455,0.00064365,0.00002094,0.00000005,0.00000018,0.00000026,0.00000043,0,-0.03214603652233717,-0.015374734397497706,0.04251933376760134,0.4041167199611664,0.45551449060440063,0,0.4041167199611664,0.45551449060440063,0
00:00:06:22.203,51,0.23600978,0.15290201,0.02360728,0.19454381,0.06315542,0.46498278,0.00279107,0.12674195,0.13837110,0.03700978,0.14637752,0.07368371,0.44631934,0.00307753,0.00020598,0.00006527,0.00231533,0.01039089,0.00071599,0.00039127,0.00695196,0.00002302,0.00960925,0.00020688,0.00013182,0.00146880,0.00171795,0.00875766,0.00450399,0.00075349,0.00123871,0.03507474,0.03733832,0.00535805,0.00188363,0.02336739,0.03136726,0.00328484,0.00372786,0.00002226,0.00002789,0.00000074,0.69239700,0.00016674,0.00030128,0.00067142,0.00002779,0.00000009,0.00000022,0.00000034,0.00000074,0,-0.024232639470236725,-0.01798152759024258,0.04669079148816473,0.4027828574180603,0.45380374789237976,0,0.4027828574180603,0.45380374789237976,0
00:00:06:23.204,51,0.17498067,0.11556342,0.02414042,0.18085799,0.07894734,0.49236327,0.00396045,0.10905332,0.11420262,0.03573209,0.15078913,0.08572892,0.42092520,0.00362720,0.00012901,0.00006217,0.00408442,0.01366060,0.00087501,0.00040124,0.01629792,0.00002575,0.01218208,0.00006149,0.00003508,0.00161993,0.00143515,0.00481254,0.00574070,0.00063413,0.00035674,0.07527025,0.05607352,0.01189940,0.00249405,0.01525527,0.02673075,0.00305890,0.00272246,0.00001401,0.00002234,0.00000061,0.69371152,0.00025996,0.00026341,0.00065168,0.00002652,0.00000012,0.00000020,0.00000028,0.00000061,0,-0.022587887203370956,-0.019865593136588613,0.044182246383542685,0.4027303159236908,0.45299452543258667,0,0.4027303159236908,0.45299452543258667,0
00:00:06:24.205,51,0.16302288,0.10038121,0.01847906,0.21393725,0.09087482,0.45477673,0.00417018,0.09703646,0.09472787,0.04605165,0.12168635,0.10577929,0.42814294,0.00447355,0.00017871,0.00005847,0.00360002,0.01212620,0.00078118,0.00042162,0.01187893,0.00002808,0.00854740,0.00010768,0.00006110,0.00176233,0.00177268,0.00601994,0.00457324,0.00076939,0.00061599,0.04972572,0.04374171,0.00701636,0.00208298,0.01747356,0.02582739,0.00383452,0.00386311,0.00001648,0.00002273,0.00000070,0.68029177,0.00019179,0.00031725,0.00076348,0.00002900,0.00000011,0.00000022,0.00000033,0.00000070,0,-0.02495272042179759,-0.02446375762674166,0.04387298852970926,0.4034041464328766,0.45184987783432007,0,0.4034041464328766,0.45184987783432007,0
00:00:06:25.206,51,0.16011131,0.09793939,0.02519624,0.16835923,0.09106864,0.46883893,0.00424826,0.09983484,0.09425717,0.04007686,0.13171120,0.10131408,0.41254637,0.00413071,0.00015209,0.00006410,0.00360973,0.01391121,0.00090316,0.00052514,0.01756833,0.00002655,0.01145942,0.00007480,0.00004818,0.00114934,0.00107389,0.00394442,0.00501597,0.00061055,0.00045654,0.04480183,0.04374057,0.00561166,0.00200189,0.01219817,0.02523829,0.00400150,0.00345588,0.00001515,0.00002345,0.00000057,0.66976357,0.00021491,0.00038993,0.00080698,0.00002681,0.00000010,0.00000018,0.00000032,0.00000057,0,-0.00939638524756859,-0.023342999600544645,0.04664652061190542,0.40320611000061035,0.4520290493965149,0,0.40320611000061035,0.4520290493965149,0
00:00:06:26.207,51,0.15194345,0.10623397,0.02279756,0.18143976,0.09096318,0.47133604,0.00454921,0.09298116,0.09960351,0.04740217,0.11731867,0.09930870,0.43369505,0.00484918,0.00014389,0.00007893,0.00268667,0.01135233,0.00087911,0.00055296,0.02107437,0.00006063,0.00714947,0.00008705,0.00006437,0.00043039,0.00044017,0.00495165,0.00857694,0.00034932,0.00043963,0.03545639,0.04255559,0.00501736,0.00152222,0.01215809,0.02836585,0.00312218,0.00254041,0.00001041,0.00001680,0.00000045,0.68285918,0.00012777,0.00042876,0.00079281,0.00002230,0.00000008,0.00000016,0.00000029,0.00000045,0,-0.0226248200632613,-0.029153149821460243,0.04966324516303969,0.40262657403945923,0.45239025354385376,0,0.40262657403945923,0.45239025354385376,0
00:00:06:27.208,51,0.14139871,0.12742139,0.02085241,0.18940708,0.07570048,0.46186090,0.00500777,0.09549914,0.12106211,0.05245605,0.10848851,0.08183268,0.42544195,0.00498356,0.00013971,0.00007421,0.00312932,0.01167654,0.00087583,0.00061430,0.02939364,0.00006809,0.00670080,0.00006282,0.00004292,0.00046011,0.00041581,0.00350103,0.00859307,0.00038645,0.00029636,0.03365733,0.04187053,0.00466443,0.00150534,0.00993023,0.02360941,0.00325198,0.00256738,0.00000938,0.00001606,0.00000041,0.68527365,0.00012610,0.00043991,0.00078802,0.00002177,0.00000007,0.00000014,0.00000029,0.00000041,0,-0.022358604747253343,-0.0294762662859123,0.048296076228947576,0.4028262495994568,0.4524427056312561,0,0.4028262495994568,0.4524427056312561,0
00:00:06:28.209,51,0.14208168,0.13208878,0.02318827,0.17491612,0.07274504,0.45044512,0.00484783,0.09259953,0.12366506,0.05006279,0.11082338,0.08086625,0.43948302,0.00520880,0.00013964,0.00007995,0.00294272,0.01202951,0.00091489,0.00056219,0.02405485,0.00006433,0.00678777,0.00007570,0.00004482,0.00045780,0.00042891,0.00548551,0.00831016,0.00041992,0.00029019,0.04276279,0.04367226,0.00567561,0.00155019,0.01477794,0.02473488,0.00309857,0.00271920,0.00001050,0.00001528,0.00000043,0.68825907,0.00011435,0.00043569,0.00082417,0.00002380,0.00000008,0.00000016,0.00000027,0.00000043,0,-0.022126366194395206,-0.03053481553719093,0.051121181711160084,0.4026358723640442,0.4522593915462494,0,0.4026358723640442,0.4522593915462494,0
00:00:06:29.210,51,0.15081568,0.10355976,0.02176379,0.18486314,0.09098396,0.45216486,0.00449679,0.08197232,0.09416579,0.04797856,0.11420035,0.10390094,0.41917521,0.00561644,0.00013877,0.00008066,0.00275793,0.01135713,0.00087092,0.00058980,0.02672678,0.00003790,0.01128247,0.00006353,0.00004183,0.00059914,0.00067011,0.00605790,0.00582712,0.00035108,0.00049031,0.04568497,0.04691826,0.00663940,0.00180571,0.01322605,0.02574431,0.00302009,0.00257012,0.00001096,0.00001528,0.00000051,0.69204593,0.00013745,0.00039158,0.00076991,0.00002158,0.00000009,0.00000020,0.00000032,0.00000051,0,-0.028993692235244346,-0.02682737103430376,0.0525623552741599,0.40239936113357544,0.45176365971565247,0,0.40239936113357544,0.45176365971565247,0
00:00:07:00.211,51,0.14511502,0.10225172,0.01882845,0.21074909,0.09007781,0.44672012,0.00455127,0.08562811,0.09358701,0.04653967,0.11998257,0.10394064,0.44633666,0.00575260,0.00017311,0.00008950,0.00410789,0.01922912,0.00124339,0.00067045,0.01789061,0.00005672,0.00662404,0.00008425,0.00004497,0.00050678,0.00061702,0.00964795,0.00448975,0.00033217,0.00048347,0.05495784,0.07349055,0.00490652,0.00216524,0.01951634,0.01846261,0.00343417,0.00444286,0.00001798,0.00002156,0.00000073,0.69548023,0.00010964,0.00045195,0.00075563,0.00003376,0.00000012,0.00000027,0.00000033,0.00000073,0,-0.02385746190754604,-0.029347796219306648,0.05428051257946815,0.4027998447418213,0.4515886902809143,0,0.4027998447418213,0.4515886902809143,0
00:00:07:01.212,51,0.13388032,0.10424594,0.01739839,0.22634874,0.08548848,0.43538052,0.00471027,0.07786828,0.09375448,0.04377192,0.12944771,0.09952130,0.43476620,0.00626312,0.00015392,0.00006774,0.00470794,0.01589489,0.00111229,0.00057908,0.01900165,0.00006075,0.00635812,0.00008787,0.00004732,0.00070327,0.00071776,0.00607043,0.00540539,0.00049716,0.00038853,0.05107127,0.05672133,0.00631042,0.00227682,0.01754907,0.02123570,0.00297807,0.00321884,0.00001463,0.00002042,0.00000067,0.69873941,0.00009220,0.00046814,0.00084291,0.00003032,0.00000012,0.00000024,0.00000031,0.00000067,0,-0.021993496824895816,-0.030035463648607017,0.05475767561658015,0.4023037552833557,0.45158323645591736,0,0.4023037552833557,0.45158323645591736,0
00:00:07:02.213,51,0.13472591,0.10040565,0.02043365,0.19891307,0.09158180,0.45637664,0.00493402,0.07596429,0.09340777,0.04654143,0.12003296,0.10276784,0.39899236,0.00615556,0.00016906,0.00008424,0.00345808,0.01462671,0.00110576,0.00064270,0.01957729,0.00011990,0.00327831,0.00010475,0.00006349,0.00055461,0.00052841,0.00477720,0.00641136,0.00048703,0.00037355,0.03534184,0.04352794,0.00435077,0.00184626,0.01542580,0.01953172,0.00330031,0.00355177,0.00001313,0.00002092,0.00000057,0.71066320,0.00010081,0.00042515,0.00075180,0.00002896,0.00000010,0.00000020,0.00000032,0.00000057,0,-0.015493858591211464,-0.03165412159241459,0.05248136021451695,0.402738094329834,0.4518730044364929,0,0.402738094329834,0.4518730044364929,0
00:00:07:03.214,51,0.12722565,0.09520288,0.02101307,0.19044530,0.09576449,0.44922855,0.00514377,0.08005094,0.09104250,0.04854455,0.11405075,0.10692728,0.38074732,0.00582927,0.00014763,0.00006812,0.00456099,0.01612978,0.00118116,0.00052437,0.01671358,0.00008643,0.00440112,0.00009473,0.00004908,0.00068424,0.00067117,0.00593167,0.00543338,0.00053888,0.00036214,0.05122586,0.06194216,0.00609373,0.00190497,0.02083480,0.02114402,0.00292257,0.00321239,0.00001190,0.00001734,0.00000060,0.68905473,0.00010776,0.00046130,0.00089935,0.00003075,0.00000010,0.00000023,0.00000032,0.00000060,0,-0.017628952269837128,-0.030436501545445246,0.052068976939492244,0.40267738699913025,0.4513087868690491,0,0.40267738699913025,0.4513087868690491,0
00:00:07:04.215,51,0.12492383,0.10290580,0.02379538,0.17585905,0.08908885,0.44406503,0.00538968,0.07329104,0.09846350,0.04664422,0.11592643,0.09793031,0.34644803,0.00637945,0.00017025,0.00006268,0.00425027,0.01472561,0.00103656,0.00055890,0.01354763,0.00009448,0.00385651,0.00012366,0.00007641,0.00057462,0.00060654,0.00595329,0.00656294,0.00045483,0.00052311,0.04125701,0.05466231,0.00460874,0.00177827,0.02028155,0.02603815,0.00345870,0.00363721,0.00001284,0.00001923,0.00000063,0.68670309,0.00012514,0.00044860,0.00088771,0.00003046,0.00000009,0.00000024,0.00000034,0.00000063,0,-0.02181470964993593,-0.03221125607660857,0.053234652261678436,0.40235185623168945,0.45180588960647583,0,0.40235185623168945,0.45180588960647583,0
00:00:07:05.216,51,0.12799920,0.10166114,0.02077409,0.19221495,0.08409676,0.40648538,0.00519505,0.06600846,0.09476164,0.04435410,0.12133213,0.09671870,0.33323780,0.00705884,0.00016946,0.00009461,0.00424141,0.01902195,0.00103045,0.00077083,0.02190847,0.00010597,0.00411902,0.00006870,0.00003615,0.00053786,0.00051140,0.00547029,0.00591160,0.00042359,0.00026499,0.05428060,0.07523099,0.00444985,0.00234558,0.01816344,0.01909366,0.00429785,0.00490992,0.00001503,0.00002279,0.00000066,0.68006676,0.00016347,0.00049815,0.00082556,0.00003367,0.00000012,0.00000025,0.00000037,0.00000066,0,-0.009284617193086361,-0.03180699490052533,0.05596334121382172,0.40251344442367554,0.45163896679878235,0,0.40251344442367554,0.45163896679878235,0
00:00:07:06.217,51,0.12097128,0.11362026,0.02044360,0.19376056,0.07914871,0.43223915,0.00553242,0.06520498,0.10201293,0.04723367,0.11429776,0.09439079,0.40892974,0.00767864,0.00017978,0.00010887,0.00365794,0.01764238,0.00100369,0.00083443,0.03129527,0.00011531,0.00322161,0.00005431,0.00003199,0.00069224,0.00070742,0.00399634,0.00455327,0.00036412,0.00036695,0.03944296,0.04672444,0.00392530,0.00235110,0.01086990,0.01417159,0.00490699,0.00577869,0.00001796,0.00002842,0.00000066,0.71640050,0.00010376,0.00041685,0.00076659,0.00003062,0.00000012,0.00000022,0.00000038,0.00000066,0,-0.01341995269458573,-0.029584337800355708,0.05434438618799474,0.4021143317222595,0.4517034888267517,0,0.4021143317222595,0.4517034888267517,0
00:00:07:07.218,51,0.13118650,0.10811529,0.02402456,0.17324321,0.08583385,0.45296973,0.00513445,0.06700896,0.09814116,0.04658927,0.11414859,0.09881940,0.38805085,0.00719205,0.00019489,0.00009461,0.00256128,0.01256802,0.00088470,0.00064208,0.01706252,0.00014832,0.00233132,0.00012892,0.00008264,0.00069608,0.00071303,0.00493038,0.00565528,0.00051447,0.00057540,0.02754126,0.03446921,0.00353643,0.00183232,0.01608341,0.01909393,0.00385187,0.00449791,0.00001640,0.00002510,0.00000064,0.72991771,0.00009681,0.00039905,0.00064722,0.00002862,0.00000010,0.00000021,0.00000039,0.00000064,0,-0.013269344681795827,-0.03307082524685004,0.052221261692265854,0.4026516079902649,0.45195016264915466,0,0.4026516079902649,0.45195016264915466,0
00:00:07:08.219,51,0.12385421,0.10679247,0.02454816,0.16300197,0.09035708,0.46095929,0.00530344,0.07088178,0.09902841,0.05280591,0.10178240,0.10383006,0.38686073,0.00704690,0.00016498,0.00007685,0.00418615,0.01512241,0.00120259,0.00057529,0.02148752,0.00015582,0.00253715,0.00008319,0.00004879,0.00058367,0.00052277,0.00435109,0.00888276,0.00047815,0.00033177,0.04376255,0.05410715,0.00463905,0.00131799,0.01783511,0.02511752,0.00401988,0.00378923,0.00000765,0.00001323,0.00000051,0.71506280,0.00007856,0.00043847,0.00077997,0.00002802,0.00000009,0.00000020,0.00000030,0.00000051,0,-0.031631696884545306,-0.03705614370619485,0.05334322109530312,0.4030241370201111,0.451797753572464,0,0.4030241370201111,0.451797753572464,0
00:00:07:09.220,51,0.12420897,0.09783277,0.02033173,0.20214653,0.09228210,0.46383867,0.00542205,0.07210181,0.09401628,0.04178985,0.13034610,0.10157385,0.36112151,0.00663274,0.00015273,0.00007290,0.00361389,0.01349219,0.00117373,0.00056293,0.02045715,0.00007403,0.00537765,0.00009777,0.00005118,0.00058025,0.00059108,0.00646544,0.00490069,0.00052660,0.00039226,0.04169584,0.05073452,0.00548672,0.00154784,0.01984330,0.02028379,0.00269747,0.00279233,0.00000953,0.00001241,0.00000058,0.68368602,0.00014007,0.00045176,0.00093323,0.00002752,0.00000010,0.00000023,0.00000031,0.00000058,0,-0.0346486004029279,-0.031445785075295836,0.05241277137158503,0.4023711681365967,0.4513236880302429,0,0.4023711681365967,0.4513236880302429,0
00:00:07:10.221,51,0.13228840,0.09269403,0.02464399,0.16405357,0.09387356,0.44742313,0.00513814,0.08312044,0.08839580,0.04326381,0.12036168,0.10498980,0.37044355,0.00519380,0.00012313,0.00007544,0.00308018,0.01155083,0.00075708,0.00056607,0.02958378,0.00005156,0.00794162,0.00004528,0.00003246,0.00089557,0.00086250,0.00336882,0.00659131,0.00038902,0.00040237,0.05037289,0.04239710,0.00748317,0.00199635,0.01037488,0.02785461,0.00360404,0.00271880,0.00000977,0.00001685,0.00000051,0.67758864,0.00021254,0.00046067,0.00083987,0.00002132,0.00000009,0.00000018,0.00000036,0.00000051,0,-0.012811671862297064,-0.025774831832262316,0.047102581576422074,0.4028586745262146,0.4507446587085724,0,0.4028586745262146,0.4507446587085724,0
00:00:07:11.222,51,0.11926208,0.09249987,0.01672514,0.22564980,0.08967727,0.44320789,0.00570598,0.07273982,0.08812334,0.04147476,0.13461843,0.09868810,0.36647728,0.00601649,0.00013581,0.00009477,0.00285765,0.01348289,0.00080262,0.00057692,0.02904655,0.00005383,0.00717908,0.00004140,0.00003094,0.00124495,0.00107937,0.00247540,0.00771398,0.00044567,0.00035298,0.05527866,0.04372028,0.00789111,0.00261057,0.00843481,0.02695527,0.00407668,0.00303999,0.00001304,0.00002520,0.00000062,0.68562317,0.00016267,0.00048430,0.00090433,0.00002606,0.00000013,0.00000018,0.00000034,0.00000062,0,-0.01585121622721687,-0.03159895795564741,0.04813992985994142,0.40200796723365784,0.45128560066223145,0,0.40200796723365784,0.45128560066223145,0
00:00:07:12.223,51,0.11104310,0.09377087,0.01834013,0.22263308,0.08677659,0.42930847,0.00638584,0.06991969,0.09203508,0.03338782,0.16244350,0.09284303,0.34514993,0.00629512,0.00015108,0.00007146,0.00406594,0.01405322,0.00081338,0.00067379,0.02916525,0.00004410,0.00838052,0.00004637,0.00003183,0.00140973,0.00121120,0.00268941,0.00635058,0.00052515,0.00033415,0.05409952,0.03789233,0.00761786,0.00324297,0.00865289,0.02377860,0.00458505,0.00358163,0.00001779,0.00003003,0.00000071,0.67345345,0.00026180,0.00038833,0.00084558,0.00002893,0.00000015,0.00000019,0.00000036,0.00000071,0,-0.017688203069704145,-0.027648874428175613,0.04291920243821794,0.4026084840297699,0.45096495747566223,0,0.4026084840297699,0.45096495747566223,0
00:00:07:13.224,51,0.11345702,0.09243795,0.01874867,0.22174343,0.09567872,0.43312430,0.00612406,0.06497830,0.08680611,0.04095841,0.14013132,0.10110601,0.35573500,0.00687028,0.00014670,0.00007952,0.00226679,0.01057780,0.00096800,0.00049429,0.01472239,0.00008141,0.00507255,0.00013760,0.00010184,0.00073574,0.00070467,0.00432494,0.00802022,0.00059370,0.00054682,0.03402162,0.03551291,0.00665452,0.00187656,0.01568984,0.03055826,0.00237464,0.00198369,0.00001158,0.00002049,0.00000059,0.70440507,0.00014985,0.00041387,0.00067580,0.00002396,0.00000010,0.00000019,0.00000030,0.00000059,0,-0.013675206171695696,-0.029480961823433856,0.04887693604992006,0.4027276933193207,0.4514595568180084,0,0.4027276933193207,0.4514595568180084,0
00:00:07:14.225,51,0.11315534,0.10593970,0.02319564,0.18344204,0.08363038,0.43081909,0.00624456,0.06884236,0.10302199,0.03947674,0.13537301,0.08763669,0.32894790,0.00666424,0.00016084,0.00006417,0.00331397,0.01252173,0.00098620,0.00058368,0.01422077,0.00007764,0.00477874,0.00013585,0.00008083,0.00075873,0.00074196,0.00505368,0.00567496,0.00065542,0.00049547,0.03506218,0.04431682,0.00499612,0.00184543,0.02009359,0.02515323,0.00281270,0.00281418,0.00001303,0.00001891,0.00000065,0.69742894,0.00013401,0.00045227,0.00077125,0.00002836,0.00000009,0.00000021,0.00000034,0.00000065,0,-0.017623063431212605,-0.02504535227606766,0.047771323397519584,0.4031835198402405,0.4516432583332062,0,0.4031835198402405,0.4516432583332062,0
00:00:07:15.226,51,0.12445860,0.09313164,0.02635259,0.16886593,0.09261809,0.38180143,0.00565232,0.06213954,0.08345454,0.03815752,0.13662334,0.10560638,0.32952324,0.00677420,0.00010330,0.00006505,0.00354249,0.01170541,0.00100673,0.00049578,0.02363066,0.00005810,0.00887459,0.00007907,0.00004444,0.00040461,0.00040920,0.00738609,0.00562029,0.00045080,0.00029736,0.05116760,0.05163182,0.00824154,0.00168229,0.01888556,0.02159661,0.00175995,0.00157416,0.00000759,0.00001113,0.00000045,0.65302551,0.00031160,0.00059308,0.00089792,0.00001971,0.00000008,0.00000021,0.00000028,0.00000045,0,-0.0011359958541329541,-0.022224862169902736,0.04801927949292398,0.40282773971557617,0.45030567049980164,0,0.40282773971557617,0.45030567049980164,0
00:00:07:16.227,51,0.12393905,0.08936755,0.01854360,0.19694498,0.10432190,0.36490309,0.00575580,0.05177123,0.07655317,0.07396369,0.07927039,0.11947378,0.30723280,0.00800893,0.00010005,0.00006759,0.00308062,0.01123086,0.00131678,0.00044422,0.01744603,0.00004729,0.01143287,0.00013316,0.00007097,0.00036487,0.00036348,0.01023987,0.00604820,0.00061037,0.00031068,0.05273369,0.05406941,0.00975812,0.00155242,0.02817178,0.02628529,0.00122327,0.00110887,0.00000556,0.00000812,0.00000038,0.65865189,0.00021417,0.00064735,0.00082996,0.00001899,0.00000006,0.00000023,0.00000024,0.00000038,0,-0.008545992405616033,-0.027523538439813883,0.045142520427021264,0.4046174883842468,0.450702041387558,0,0.4046174883842468,0.450702041387558,0
00:00:07:17.228,51,0.13860305,0.08607402,0.02422652,0.18767940,0.10350627,0.34450987,0.00510452,0.05591355,0.07112841,0.03713372,0.14431921,0.11646647,0.31624579,0.00723970,0.00009155,0.00005710,0.00368257,0.00983244,0.00117648,0.00045233,0.02019655,0.00004339,0.01355269,0.00013188,0.00006651,0.00030320,0.00031809,0.01265364,0.00502691,0.00057951,0.00030421,0.05020759,0.04956437,0.01057635,0.00162114,0.02900781,0.02305164,0.00099645,0.00089368,0.00000535,0.00000691,0.00000041,0.63409752,0.00032018,0.00071514,0.00103320,0.00001706,0.00000007,0.00000024,0.00000025,0.00000041,0,-0.01315193077317955,-0.0245312245128535,0.04682170210877215,0.40247124433517456,0.4505385458469391,0,0.40247124433517456,0.4505385458469391,0
00:00:07:18.229,51,0.12697072,0.10249545,0.02759056,0.17537682,0.08340428,0.35042101,0.00595548,0.05558502,0.09462100,0.03205570,0.16011852,0.09309557,0.28995430,0.00769300,0.00009390,0.00006589,0.00347751,0.01030928,0.00112426,0.00058843,0.02984213,0.00004540,0.01350766,0.00008590,0.00004480,0.00026612,0.00034249,0.01285815,0.00322965,0.00035751,0.00043690,0.04664263,0.04464002,0.00839975,0.00167485,0.02475103,0.01862904,0.00125168,0.00121511,0.00000703,0.00000731,0.00000048,0.60904801,0.00028686,0.00094913,0.00145999,0.00001830,0.00000007,0.00000029,0.00000034,0.00000048,0,-0.0084759055414019,-0.020468283332197554,0.0464798382031147,0.40201330184936523,0.4510602653026581,0,0.40201330184936523,0.4510602653026581,0
00:00:07:19.230,51,0.12871352,0.09314071,0.02303383,0.18413414,0.09319097,0.35620695,0.00590322,0.05944566,0.08655807,0.04725380,0.11595045,0.10328172,0.29107374,0.00680766,0.00009901,0.00005771,0.00335198,0.01089395,0.00111820,0.00049398,0.01986046,0.00003799,0.01367429,0.00011087,0.00006593,0.00033097,0.00037350,0.00852856,0.00413687,0.00048036,0.00044901,0.03964917,0.04537963,0.00682931,0.00151201,0.02090963,0.02241672,0.00140356,0.00121180,0.00000684,0.00000903,0.00000045,0.58453912,0.00038807,0.00108458,0.00132161,0.00001869,0.00000006,0.00000023,0.00000032,0.00000045,0,0.0002368686160444797,-0.019902427105629564,0.04461440600354053,0.4033534526824951,0.45143812894821167,0,0.4033534526824951,0.45143812894821167,0
00:00:07:20.231,51,0.10909463,0.09348076,0.02850074,0.15724595,0.09082321,0.32770547,0.00676790,0.05458177,0.08714964,0.04135027,0.12500620,0.10111854,0.28466338,0.00760975,0.00009504,0.00006778,0.00308285,0.01203086,0.00122886,0.00060168,0.02105311,0.00006553,0.01022811,0.00012516,0.00006979,0.00017097,0.00019673,0.01327598,0.00511126,0.00036297,0.00032303,0.04492106,0.04911264,0.00686600,0.00183421,0.02737481,0.02148465,0.00131463,0.00131662,0.00000840,0.00001033,0.00000042,0.54960465,0.00051971,0.00133247,0.00145881,0.00001957,0.00000007,0.00000025,0.00000030,0.00000042,0,-0.003960240330471735,-0.023288327122919412,0.04566881959099675,0.40326857566833496,0.4506326913833618,0,0.40326857566833496,0.4506326913833618,0
00:00:07:21.232,51,0.12057473,0.08974595,0.02567642,0.14792120,0.09623167,0.34856451,0.00553278,0.06234543,0.07656387,0.05546070,0.09137195,0.11470572,0.34915659,0.00683252,0.00007913,0.00007836,0.00247313,0.00973703,0.00074868,0.00047164,0.03177352,0.00008313,0.00575824,0.00004767,0.00002717,0.00069111,0.00067438,0.00494833,0.00449522,0.00049585,0.00030428,0.05259662,0.03766902,0.01023974,0.00183074,0.01740015,0.02339173,0.00183455,0.00149977,0.00000497,0.00000837,0.00000044,0.48925793,0.00085344,0.00158324,0.00211405,0.00001492,0.00000008,0.00000018,0.00000035,0.00000044,0,-0.010590325973006017,-0.019673189943670306,0.04915219418249161,0.40309256315231323,0.4511969983577728,0,0.40309256315231323,0.4511969983577728,0
00:00:07:22.233,51,0.12034621,0.07385474,0.03031309,0.12974180,0.12058308,0.35692948,0.00581449,0.05266744,0.06267704,0.05427808,0.09274881,0.14075224,0.29749781,0.00779859,0.00006483,0.00006865,0.00343643,0.01198740,0.00109811,0.00037669,0.03302074,0.00004446,0.01077607,0.00003558,0.00002072,0.00078726,0.00078161,0.00464626,0.00400247,0.00046085,0.00031090,0.07868000,0.05169912,0.01449514,0.00159560,0.01602582,0.02541700,0.00160591,0.00115201,0.00000342,0.00000560,0.00000041,0.49949133,0.00108565,0.00148311,0.00188501,0.00001459,0.00000008,0.00000021,0.00000029,0.00000041,0,-0.0076097594559800825,-0.018324976367252305,0.047709367427143705,0.4038795828819275,0.45086371898651123,0,0.4038795828819275,0.45086371898651123,0
00:00:07:23.234,51,0.12168580,0.08546545,0.03851092,0.10296836,0.10864298,0.37503210,0.00563924,0.04867432,0.07509241,0.06196439,0.07835625,0.12704314,0.27951285,0.00843507,0.00008413,0.00005274,0.00405665,0.01189973,0.00095755,0.00050446,0.02745416,0.00005465,0.00842304,0.00006124,0.00003183,0.00055099,0.00055187,0.00525885,0.00349173,0.00055976,0.00030373,0.04321718,0.04274072,0.00711797,0.00185100,0.01645805,0.01765227,0.00179875,0.00156819,0.00000670,0.00000944,0.00000039,0.46488914,0.00073821,0.00140266,0.00225581,0.00001673,0.00000006,0.00000019,0.00000035,0.00000039,0,-0.004114544646768071,-0.021801152296660246,0.04760660452515273,0.40431302785873413,0.45082855224609375,0,0.40431302785873413,0.45082855224609375,0
00:00:07:24.235,51,0.10930645,0.08727974,0.03666992,0.10637336,0.10762764,0.34352076,0.00630306,0.04685829,0.07625012,0.06607937,0.07370766,0.12541787,0.27878428,0.00897440,0.00007434,0.00005345,0.00381278,0.01177281,0.00117932,0.00052102,0.02738765,0.00007564,0.00743045,0.00007205,0.00003538,0.00035581,0.00037790,0.00755043,0.00362661,0.00049936,0.00028572,0.04932171,0.04680825,0.00873988,0.00173043,0.02309385,0.01867879,0.00129985,0.00119166,0.00000531,0.00000710,0.00000036,0.43597338,0.00100384,0.00173906,0.00232605,0.00001528,0.00000006,0.00000022,0.00000032,0.00000036,0,-0.014128758662536843,-0.02008306742702769,0.050269329732179964,0.4046144485473633,0.45076051354408264,0,0.4046144485473633,0.45076051354408264,0
00:00:07:25.236,51,0.11739357,0.10480003,0.04559767,0.10485743,0.08275606,0.36278209,0.00568352,0.06194196,0.09692310,0.03377821,0.13265297,0.09726442,0.33977416,0.00711293,0.00008576,0.00006226,0.00311607,0.01112635,0.00097820,0.00047623,0.02003548,0.00017549,0.00281399,0.00009063,0.00005059,0.00039565,0.00042495,0.00649953,0.00415383,0.00046450,0.00038894,0.04079965,0.03899499,0.00696263,0.00152727,0.02568554,0.02182168,0.00163202,0.00160443,0.00000558,0.00000839,0.00000049,0.43473670,0.00113988,0.00178805,0.00244858,0.00001615,0.00000008,0.00000021,0.00000035,0.00000049,0,-0.017678318387851114,-0.018804258149783152,0.05255626263831642,0.4027387499809265,0.45161235332489014,0,0.4027387499809265,0.45161235332489014,0
00:00:07:26.237,51,0.11412849,0.10950900,0.05949783,0.07936499,0.07827429,0.37068483,0.00649807,0.05272370,0.10469553,0.03303686,0.12766260,0.08828294,0.26329464,0.00714268,0.00012065,0.00003538,0.00265655,0.00680239,0.00052737,0.00048801,0.00991227,0.00004639,0.00822763,0.00024510,0.00015707,0.00057245,0.00053939,0.00687989,0.00583244,0.00093944,0.00052949,0.02366869,0.02152270,0.00473207,0.00158308,0.02766528,0.03749989,0.00250863,0.00201998,0.00001014,0.00001407,0.00000049,0.41612947,0.00179321,0.00162330,0.00251262,0.00001758,0.00000006,0.00000019,0.00000042,0.00000049,0,-0.01104562925056246,-0.013950932826789492,0.04698475709084065,0.4029555320739746,0.45118364691734314,0,0.4029555320739746,0.45118364691734314,0
00:00:07:27.238,51,0.12987523,0.11853176,0.05361293,0.08374488,0.07620756,0.36704460,0.00603888,0.05258828,0.11671271,0.05353334,0.08238568,0.08477457,0.24510083,0.00767550,0.00023590,0.00002050,0.00128174,0.00285523,0.00027054,0.00047890,0.00290240,0.00003131,0.00806636,0.00387966,0.00219876,0.00062242,0.00084815,0.02023644,0.00262343,0.00286069,0.00318032,0.00591424,0.00719776,0.00174503,0.00173134,0.05715181,0.02741336,0.00164291,0.00182733,0.00003598,0.00002629,0.00000067,0.35158938,0.00357520,0.00159169,0.00337529,0.00002044,0.00000005,0.00000024,0.00000075,0.00000067,0,-0.03611664925993338,-0.026189594447435065,0.04598037492410907,0.40260058641433716,0.45153379440307617,0,0.40260058641433716,0.45153379440307617,0
00:00:07:28.239,51,0.10927778,0.18494011,0.08790367,0.05602700,0.04417394,0.36853686,0.00731565,0.04534752,0.19494686,0.03297001,0.12255313,0.04678488,0.19846600,0.00941883,0.00045955,0.00001714,0.00133621,0.00270463,0.00023612,0.00047204,0.00074850,0.00007031,0.00447703,0.04578193,0.03204554,0.00016885,0.00023296,0.10515664,0.01783227,0.00366213,0.00544944,0.00525679,0.00805823,0.00126547,0.00191558,0.19313078,0.11905530,0.00251544,0.00285811,0.00007541,0.00006484,0.00000105,0.36613920,0.00259053,0.00122982,0.00329359,0.00003975,0.00000006,0.00000040,0.00000082,0.00000105,0,-0.03273734870943896,-0.016445590921627888,0.05122190805145748,0.4021320343017578,0.4526456594467163,0,0.4021320343017578,0.4526456594467163,0
00:00:07:29.240,51,0.13482901,0.14273444,0.07627824,0.06185016,0.06040720,0.37264884,0.00499658,0.05400158,0.14158244,0.04050424,0.10248203,0.06945022,0.26448908,0.00830884,0.00039331,0.00001514,0.00099163,0.00186510,0.00016631,0.00034153,0.00065931,0.00020497,0.00141523,0.10222017,0.07527033,0.00028859,0.00030612,0.05797180,0.03084552,0.00894925,0.00626069,0.00457034,0.00581264,0.00189515,0.00209209,0.19386178,0.14431627,0.00183201,0.00188014,0.00006222,0.00007695,0.00000099,0.31710935,0.00312665,0.00164168,0.00352134,0.00003279,0.00000008,0.00000029,0.00000079,0.00000099,0,-0.03820335722661769,-0.02704711557673016,0.053076617894391005,0.4026191830635071,0.4520246386528015,0,0.4026191830635071,0.4520246386528015,0
00:00:08:00.241,51,0.11638334,0.15807357,0.07383996,0.06190985,0.05469743,0.39774558,0.00611929,0.06846838,0.16402720,0.04113572,0.09973016,0.05745560,0.28622964,0.00684429,0.00045956,0.00001249,0.00101224,0.00167344,0.00012888,0.00038953,0.00065896,0.00004776,0.00447210,0.21504210,0.15281510,0.00039811,0.00040790,0.05879702,0.02214140,0.01445668,0.00953980,0.00409512,0.00556252,0.00179192,0.00283596,0.14430004,0.12068682,0.00202462,0.00216465,0.00015086,0.00016354,0.00000116,0.29472622,0.00343011,0.00171280,0.00400288,0.00004312,0.00000009,0.00000030,0.00000081,0.00000116,0,-0.05853213670671119,-0.014656557453677435,0.04918715337551979,0.40272626280784607,0.4524167776107788,0,0.40272626280784607,0.4524167776107788,0
00:00:08:01.242,51,0.12410783,0.19141948,0.11107928,0.04427196,0.04468571,0.37772930,0.00591723,0.07392594,0.19838822,0.02687874,0.13176854,0.04507314,0.27782705,0.00691671,0.00054870,0.00002110,0.00092097,0.00237369,0.00012318,0.00080563,0.00138864,0.00005916,0.00390200,0.42025781,0.33562863,0.00019917,0.00022210,0.05072718,0.01582817,0.00812112,0.01423883,0.00431240,0.00986070,0.00125354,0.00373464,0.09136816,0.08650365,0.00317425,0.00378875,0.00046330,0.00045199,0.00000151,0.30857062,0.00485454,0.00114726,0.00283474,0.00005680,0.00000014,0.00000032,0.00000082,0.00000151,0,-0.04955776486232165,-0.01987918911002486,0.04735415231576704,0.4030420184135437,0.4531559944152832,0,0.4030420184135437,0.4531559944152832,0
00:00:08:02.243,51,0.14959112,0.14912471,0.06643562,0.06722189,0.05756033,0.39180911,0.00538716,0.09527972,0.16291855,0.04163332,0.09960849,0.05480044,0.27172440,0.00494800,0.00038011,0.00002039,0.00081831,0.00231974,0.00012211,0.00071285,0.00212877,0.00009536,0.00316682,0.57145679,0.48449510,0.00025600,0.00026925,0.02618640,0.01269580,0.00535811,0.00991294,0.00554297,0.01304740,0.00220554,0.00406694,0.06587948,0.06643932,0.00209222,0.00253707,0.00062247,0.00064764,0.00000168,0.33946347,0.00503479,0.00132698,0.00280974,0.00006216,0.00000015,0.00000026,0.00000082,0.00000168,0,-0.06316702707775763,-0.015317544672010441,0.047861820800700575,0.4034727215766907,0.45130106806755066,0,0.4034727215766907,0.45130106806755066,0
00:00:08:03.244,51,0.15899985,0.13874643,0.08783844,0.05499373,0.06529079,0.37467536,0.00542877,0.09250399,0.14307724,0.03175462,0.12575749,0.06516092,0.31496456,0.00588838,0.00076009,0.00003483,0.00126276,0.00521566,0.00015394,0.00315623,0.00546622,0.00005047,0.00471279,0.70498574,0.62727320,0.00018718,0.00020566,0.01790428,0.00567770,0.00372307,0.00823173,0.00307112,0.01430949,0.00082162,0.00643561,0.02191874,0.02497903,0.01258571,0.01765687,0.00801066,0.00675416,0.00000263,0.27739131,0.00929978,0.00168678,0.00423595,0.00012086,0.00000030,0.00000031,0.00000100,0.00000263,0,-0.057730869466811906,-0.0243956718120983,0.045115726895594926,0.40308862924575806,0.45047837495803833,0,0.40308862924575806,0.45047837495803833,0
00:00:08:04.245,51,0.15259391,0.10630622,0.06823370,0.06921632,0.09366810,0.39589947,0.00626195,0.07530713,0.11262468,0.04018313,0.11903080,0.08761276,0.22594373,0.00786405,0.00137402,0.00005478,0.00123030,0.00713397,0.00018185,0.00278208,0.00239976,0.00008919,0.00270258,0.80105877,0.72438490,0.00041848,0.00043580,0.01595060,0.00873439,0.01189793,0.01798685,0.00425971,0.02705283,0.00130138,0.00866651,0.03436044,0.04516461,0.03071730,0.04689137,0.02821770,0.02203728,0.00000470,0.26712021,0.01100879,0.00154538,0.00475425,0.00023996,0.00000067,0.00000067,0.00000144,0.00000470,0,-0.07870812813710379,-0.012469633593082435,0.051802460830343545,0.40341511368751526,0.4509927034378052,0,0.40341511368751526,0.4509927034378052,0
00:00:08:05.246,51,0.14687413,0.12736763,0.07388558,0.06795613,0.08373800,0.39258483,0.00707514,0.06940750,0.13483067,0.04248634,0.11840390,0.07809546,0.22400527,0.00992448,0.00177636,0.00007211,0.00097248,0.00682212,0.00015868,0.00402587,0.00270589,0.00009292,0.00321469,0.84669441,0.78706729,0.00022279,0.00023491,0.01770107,0.01047388,0.01285426,0.01942359,0.00274958,0.02510077,0.00104341,0.00894813,0.03505221,0.05141892,0.04350259,0.07172981,0.05670988,0.04243674,0.00000461,0.30389148,0.01039775,0.00117580,0.00384920,0.00025606,0.00000075,0.00000075,0.00000166,0.00000461,0,-0.07223171630447107,-0.013358399894035358,0.05120894053058591,0.40341052412986755,0.4510684609413147,0,0.40341052412986755,0.4510684609413147,0
00:00:08:06.247,51,0.15147084,0.11643605,0.06281062,0.07743114,0.09077863,0.38183850,0.00644884,0.08837076,0.12118677,0.04598561,0.11151166,0.08607060,0.26968801,0.00764934,0.00153731,0.00009483,0.00076033,0.00768595,0.00018788,0.00354081,0.00259899,0.00015478,0.00204992,0.82966566,0.77723551,0.00025605,0.00026833,0.01527012,0.00952350,0.01156317,0.02109919,0.00328377,0.02737696,0.00124156,0.00989152,0.03651275,0.05057140,0.03612917,0.06402292,0.05226534,0.04423191,0.00000471,0.27556831,0.01059864,0.00171428,0.00443773,0.00025663,0.00000082,0.00000073,0.00000167,0.00000471,0,-0.07771956653320113,-0.021894513656609247,0.04986769520033807,0.4026529788970947,0.449508398771286,0,0.4026529788970947,0.449508398771286,0
00:00:08:07.248,51,0.17739768,0.16105548,0.07152681,0.06910656,0.06498601,0.39722851,0.00569670,0.11242624,0.16624625,0.04154402,0.11778492,0.06199477,0.30817747,0.00600676,0.00193120,0.00005533,0.00114252,0.00604910,0.00013178,0.00521654,0.00351178,0.00006750,0.00456214,0.85975164,0.81438315,0.00027439,0.00029467,0.01528448,0.00675480,0.01924451,0.03809974,0.00181543,0.01748252,0.00095102,0.01024508,0.03162500,0.04454870,0.04223079,0.07875636,0.09898002,0.08212601,0.00000452,0.36453611,0.00810590,0.00126297,0.00342022,0.00022070,0.00000075,0.00000091,0.00000202,0.00000452,0,-0.07514645587758136,-0.012106876698487383,0.04932705912428003,0.402904748916626,0.45058590173721313,0,0.402904748916626,0.45058590173721313,0
00:00:08:08.249,51,0.17260088,0.19759031,0.07220588,0.07012027,0.05395439,0.38326132,0.00649192,0.09902219,0.20347221,0.04233649,0.11830296,0.04918297,0.25280854,0.00753384,0.00223463,0.00006600,0.00090870,0.00509748,0.00011136,0.00470017,0.00283188,0.00008775,0.00381091,0.87527049,0.84062636,0.00033477,0.00037219,0.01534492,0.00741183,0.02709772,0.06763089,0.00185467,0.01907932,0.00101208,0.00924662,0.04272794,0.06283389,0.04508386,0.08364345,0.09676147,0.07417809,0.00000531,0.35649917,0.00710152,0.00179397,0.00461877,0.00023523,0.00000088,0.00000127,0.00000267,0.00000531,0,-0.072645030846719,-0.017718803933862975,0.04993693140759124,0.40225306153297424,0.4513433575630188,0,0.40225306153297424,0.4513433575630188,0
00:00:08:09.250,51,0.17117763,0.15698066,0.06508573,0.07270470,0.06643511,0.43025741,0.00622877,0.09761303,0.16803181,0.04878894,0.10121313,0.05853428,0.25898537,0.00659940,0.00223058,0.00006219,0.00108788,0.00571010,0.00011967,0.00394773,0.00228378,0.00005803,0.00452494,0.85216951,0.80985641,0.00036952,0.00037500,0.01418851,0.00880289,0.02282076,0.04058653,0.00269258,0.02336154,0.00114533,0.00909557,0.04063554,0.06695569,0.06269096,0.10531981,0.09210835,0.06836370,0.00000471,0.33038354,0.00647626,0.00157922,0.00490890,0.00028332,0.00000077,0.00000103,0.00000219,0.00000471,0,-0.07304324283001874,-0.0191670606981251,0.050750291445410274,0.40222635865211487,0.4503171145915985,0,0.40222635865211487,0.4503171145915985,0
00:00:08:10.251,51,0.18080167,0.16683446,0.05754964,0.08200899,0.06348666,0.43853709,0.00611920,0.10055809,0.17921162,0.05505880,0.09404834,0.05567823,0.27432311,0.00675704,0.00255898,0.00007398,0.00115247,0.00687686,0.00014014,0.00398005,0.00196371,0.00008101,0.00359450,0.85780871,0.82195848,0.00027563,0.00027627,0.01513575,0.01132026,0.02040891,0.03826626,0.00303144,0.02962327,0.00109336,0.00857838,0.04870645,0.08245326,0.07826166,0.13464023,0.09533960,0.07452033,0.00000524,0.36024141,0.00692383,0.00142615,0.00408726,0.00033223,0.00000084,0.00000110,0.00000216,0.00000524,0,-0.07010044445241298,-0.014829589386271734,0.05262765038545164,0.4015939235687256,0.4502512216567993,0,0.4015939235687256,0.4502512216567993,0
00:00:08:11.252,51,0.18461984,0.17747390,0.07798366,0.06544799,0.06014156,0.41658178,0.00589422,0.10880256,0.19113980,0.04098184,0.12105758,0.05294253,0.26058683,0.00662477,0.00263490,0.00007155,0.00097925,0.00547692,0.00011220,0.00597817,0.00320001,0.00006721,0.00436253,0.87749225,0.83771873,0.00047018,0.00047054,0.01082710,0.00663446,0.03899476,0.06331157,0.00178135,0.01584967,0.00104898,0.01041998,0.03774052,0.05916933,0.07630416,0.12795067,0.15599465,0.11554860,0.00000531,0.32631251,0.00972444,0.00174398,0.00515765,0.00026971,0.00000103,0.00000122,0.00000285,0.00000531,0,-0.06770280632172981,-0.021221206172496305,0.051113280900739105,0.40145474672317505,0.4501822590827942,0,0.40145474672317505,0.4501822590827942,0
00:00:08:12.253,51,0.17767304,0.16161020,0.04712946,0.09546740,0.06591102,0.42690474,0.00617718,0.10803285,0.17713186,0.06828524,0.07882828,0.05746161,0.25659350,0.00646395,0.00251149,0.00008000,0.00090649,0.00563932,0.00011415,0.00759407,0.00409653,0.00006898,0.00483214,0.87950230,0.84316385,0.00024120,0.00024869,0.01246223,0.00746903,0.02607713,0.04484084,0.00143068,0.01427768,0.00080780,0.01046550,0.03416660,0.05490185,0.06780362,0.11302141,0.11627805,0.08426774,0.00000460,0.31820497,0.00919071,0.00146929,0.00468017,0.00024785,0.00000087,0.00000095,0.00000279,0.00000460,0,-0.07022011186903432,-0.022811307038707613,0.051817420121796576,0.4016503393650055,0.450650155544281,0,0.4016503393650055,0.450650155544281,0
00:00:08:13.254,51,0.17985640,0.14596267,0.05977456,0.08013088,0.07503993,0.40167707,0.00607557,0.09677952,0.15240195,0.05311723,0.09715612,0.06853259,0.25186342,0.00728033,0.00231902,0.00010832,0.00067545,0.00587906,0.00011959,0.00663751,0.00360028,0.00009744,0.00342312,0.87198663,0.83974653,0.00026156,0.00028072,0.01283206,0.00706790,0.02247147,0.04835914,0.00164382,0.01759957,0.00088755,0.01095684,0.03404994,0.05326665,0.06473454,0.11292753,0.12937568,0.09427433,0.00000503,0.27422443,0.01196998,0.00197832,0.00564555,0.00025183,0.00000097,0.00000103,0.00000283,0.00000503,0,-0.06290168117880242,-0.024419876835355535,0.05440613163069805,0.40089645981788635,0.4504251182079315,0,0.40089645981788635,0.4504251182079315,0
00:00:08:14.255,51,0.19124033,0.15004209,0.04849340,0.09265218,0.07168264,0.40373915,0.00553926,0.11557038,0.15779012,0.06988305,0.07581913,0.06596994,0.27887687,0.00592642,0.00223766,0.00010070,0.00070885,0.00545200,0.00011227,0.00885344,0.00467738,0.00008204,0.00433087,0.87692201,0.84430927,0.00021657,0.00022775,0.01164508,0.00631687,0.02320532,0.04618612,0.00123482,0.01417866,0.00079421,0.01187650,0.03106176,0.04899678,0.06006162,0.10154950,0.13894635,0.09936518,0.00000443,0.29761502,0.00993197,0.00186847,0.00496937,0.00022408,0.00000088,0.00000093,0.00000300,0.00000443,0,-0.06496754088118085,-0.022639213451050227,0.05307986181397508,0.40179166197776794,0.45043784379959106,0,0.40179166197776794,0.45043784379959106,0
00:00:08:15.256,51,0.18279444,0.14324531,0.06156134,0.07894079,0.07897216,0.40470082,0.00603048,0.09784967,0.14955896,0.05573585,0.09418883,0.07245892,0.26066330,0.00779447,0.00231641,0.00010085,0.00074967,0.00549185,0.00011204,0.00760599,0.00389516,0.00011058,0.00350529,0.88557357,0.86082786,0.00022438,0.00023311,0.01271574,0.00836756,0.02373219,0.04640161,0.00136335,0.01675397,0.00087038,0.01248509,0.03281375,0.05486814,0.06266861,0.10858050,0.13602085,0.10480336,0.00000506,0.25773713,0.01382884,0.00222651,0.00580961,0.00024260,0.00000104,0.00000103,0.00000312,0.00000506,0,-0.06882460590579081,-0.030738451347427042,0.05414720967002354,0.40077629685401917,0.45096203684806824,0,0.40077629685401917,0.45096203684806824,0
00:00:08:16.257,51,0.16511890,0.19338843,0.08102874,0.06376611,0.05983390,0.40421990,0.00693866,0.08695161,0.20345880,0.04203752,0.11961018,0.05269365,0.24583988,0.00954634,0.00235188,0.00010154,0.00060267,0.00459856,0.00009318,0.00764379,0.00398525,0.00012950,0.00300803,0.89756763,0.86951792,0.00035325,0.00037400,0.01285824,0.00677292,0.03507362,0.07060562,0.00120674,0.01426045,0.00127786,0.01602948,0.03602471,0.05558044,0.06226826,0.11398993,0.30220866,0.23130351,0.00000574,0.26979750,0.01151790,0.00223058,0.00611775,0.00024342,0.00000128,0.00000134,0.00000351,0.00000574,0,-0.06447364452528669,-0.03258022343847047,0.04847054363017331,0.40065139532089233,0.4513295888900757,0,0.40065139532089233,0.4513295888900757,0
00:00:08:17.258,51,0.19752851,0.17505966,0.07377575,0.07116842,0.06545670,0.40328819,0.00535365,0.10950907,0.18403141,0.04189593,0.12353092,0.06001068,0.29577306,0.00722515,0.00246145,0.00009751,0.00065764,0.00455627,0.00009314,0.00756011,0.00437519,0.00009615,0.00411301,0.90308785,0.86974657,0.00027068,0.00029271,0.01449184,0.00619365,0.03295584,0.06280448,0.00103880,0.01342798,0.00111105,0.01467845,0.03262243,0.04727129,0.06378195,0.12194347,0.32873774,0.25212672,0.00000515,0.31384063,0.00822781,0.00181673,0.00579404,0.00024356,0.00000112,0.00000123,0.00000337,0.00000515,0,-0.060367036890946794,-0.030442640781830774,0.053456140604040275,0.4009788930416107,0.45124688744544983,0,0.4009788930416107,0.45124688744544983,0
00:00:08:18.259,51,0.17857547,0.18174009,0.08002773,0.06465002,0.06472880,0.41501307,0.00615621,0.09361871,0.18774773,0.04260270,0.11880275,0.05917003,0.29196313,0.00876163,0.00235282,0.00008504,0.00073921,0.00441962,0.00008910,0.00733683,0.00408290,0.00010153,0.00336864,0.89513320,0.86059964,0.00035045,0.00037965,0.01332427,0.00620356,0.03187376,0.06354798,0.00114412,0.01366552,0.00112713,0.01469791,0.03096942,0.04531432,0.06106896,0.11403503,0.26658937,0.20159614,0.00000547,0.27098563,0.00991612,0.00209616,0.00631061,0.00023362,0.00000117,0.00000122,0.00000323,0.00000547,0,-0.06272784186605858,-0.031589385099581396,0.04960740320470774,0.400961697101593,0.4510064423084259,0,0.400961697101593,0.4510064423084259,0
00:00:08:19.260,51,0.17949745,0.18620817,0.08321800,0.06436256,0.06441554,0.40543181,0.00613762,0.08887897,0.19060345,0.04104107,0.12515885,0.05994487,0.29796872,0.00976168,0.00262488,0.00008566,0.00075531,0.00456686,0.00009022,0.00744377,0.00406504,0.00009916,0.00361907,0.90124428,0.86709738,0.00028401,0.00031171,0.01499521,0.00701517,0.03074363,0.06080276,0.00107376,0.01434596,0.00103578,0.01372003,0.03087196,0.04659924,0.06924137,0.13051382,0.29441068,0.21898681,0.00000555,0.27246523,0.01075302,0.00190460,0.00626711,0.00024383,0.00000119,0.00000121,0.00000314,0.00000555,0,-0.06736602679438093,-0.028046689123125083,0.052638235698889896,0.40100669860839844,0.4512760043144226,0,0.40100669860839844,0.4512760043144226,0
00:00:08:20.261,51,0.18506280,0.19485445,0.09691133,0.05807677,0.06097000,0.39347771,0.00599776,0.08867894,0.19716810,0.03457136,0.14448164,0.05721584,0.28428122,0.00960495,0.00241414,0.00008468,0.00077151,0.00466220,0.00009756,0.00625537,0.00358770,0.00010421,0.00346209,0.89835757,0.85167295,0.00023715,0.00027967,0.01921379,0.00696408,0.02383380,0.05580256,0.00123398,0.01680394,0.00104912,0.01264016,0.03591030,0.04667263,0.05671219,0.11544391,0.25590590,0.17588076,0.00000572,0.28630993,0.00998100,0.00187002,0.00592957,0.00024399,0.00000109,0.00000124,0.00000300,0.00000572,0,-0.05368955431171505,-0.027014493251652838,0.054318793809670855,0.4003828167915344,0.4510156512260437,0,0.4003828167915344,0.4510156512260437,0
00:00:08:21.262,51,0.17957801,0.19672523,0.07482103,0.06948483,0.05827622,0.41566360,0.00648918,0.09644651,0.20831928,0.04256318,0.12148638,0.05188112,0.27218062,0.00835306,0.00246170,0.00007437,0.00084848,0.00426026,0.00008434,0.00637948,0.00397442,0.00011927,0.00289470,0.88513899,0.85402012,0.00034082,0.00037963,0.01486187,0.00687136,0.02565964,0.06645924,0.00126608,0.01364965,0.00117198,0.01399173,0.03210538,0.04680547,0.06089295,0.11534538,0.23129800,0.18067802,0.00000592,0.28781664,0.01295619,0.00188178,0.00561383,0.00023860,0.00000110,0.00000125,0.00000334,0.00000592,0,-0.060930879186784234,-0.023240728192546505,0.051233553686986136,0.40099039673805237,0.45174434781074524,0,0.40099039673805237,0.45174434781074524,0
00:00:08:22.263,51,0.18655261,0.20095386,0.07741736,0.06835018,0.05880780,0.43328759,0.00632621,0.09360637,0.21252063,0.04322555,0.12020306,0.05210121,0.28420654,0.00875605,0.00278333,0.00007966,0.00092270,0.00485590,0.00009468,0.00679332,0.00365447,0.00012116,0.00278126,0.89605147,0.86052459,0.00028926,0.00032348,0.01683736,0.00824854,0.02358867,0.05468969,0.00134156,0.01533339,0.00117719,0.01413323,0.03412574,0.04847971,0.07846604,0.15290266,0.28963569,0.22770463,0.00000618,0.28082618,0.01130456,0.00171385,0.00593881,0.00028152,0.00000117,0.00000124,0.00000311,0.00000618,0,-0.054073338535737536,-0.019669651302483625,0.05073083549831982,0.4012349247932434,0.4509294629096985,0,0.4012349247932434,0.4509294629096985,0
00:00:08:23.264,51,0.19941573,0.19968575,0.07813600,0.06851434,0.05840410,0.41954130,0.00575710,0.12137591,0.21005653,0.04060514,0.12792684,0.05294483,0.32102498,0.00671520,0.00226448,0.00008876,0.00064488,0.00406135,0.00008607,0.00569871,0.00364384,0.00019521,0.00197117,0.89405817,0.87200469,0.00027728,0.00029956,0.01565506,0.00849945,0.02358916,0.06160093,0.00123132,0.01357975,0.00126058,0.01328265,0.03546746,0.05073583,0.05220946,0.10472850,0.23764972,0.21056849,0.00000542,0.34238496,0.00951464,0.00188385,0.00453188,0.00023123,0.00000104,0.00000115,0.00000311,0.00000542,0,-0.05470410694004658,-0.024229757676871112,0.05073133685872812,0.40062370896339417,0.4511890709400177,0,0.40062370896339417,0.4511890709400177,0
00:00:08:24.265,51,0.20008560,0.19373354,0.06126967,0.08356805,0.05969117,0.40837279,0.00552237,0.11255430,0.20015788,0.05083133,0.10858389,0.05483486,0.31469351,0.00733595,0.00220081,0.00009239,0.00069885,0.00459657,0.00010478,0.00507708,0.00295784,0.00013313,0.00300453,0.89995688,0.86903811,0.00028363,0.00031347,0.01971143,0.00985178,0.02322340,0.05230500,0.00172001,0.01707529,0.00171567,0.01517982,0.04461255,0.06390024,0.04730716,0.09650106,0.26308528,0.21430945,0.00000572,0.34037709,0.00729642,0.00185417,0.00472332,0.00027273,0.00000116,0.00000126,0.00000289,0.00000572,0,-0.061067722615295986,-0.026357855716477627,0.050592970012213634,0.4011250138282776,0.4502493441104889,0,0.4011250138282776,0.4502493441104889,0
00:00:08:25.266,51,0.18592836,0.23220427,0.04970201,0.09406788,0.04774576,0.41214582,0.00597347,0.09727918,0.23701502,0.06121987,0.09058082,0.04303413,0.31121010,0.00859339,0.00229102,0.00008421,0.00083775,0.00454550,0.00009481,0.00389036,0.00218778,0.00015470,0.00246324,0.89029258,0.86266863,0.00029979,0.00031927,0.02054907,0.01211157,0.02298737,0.04675844,0.00220136,0.02390173,0.00183619,0.01420831,0.04926246,0.07472661,0.05689045,0.10898681,0.24722670,0.20892359,0.00000602,0.34600043,0.00596681,0.00184834,0.00501886,0.00029588,0.00000108,0.00000142,0.00000274,0.00000602,0,-0.05706125080380894,-0.03173099024206131,0.05104772757621217,0.40125665068626404,0.4510146975517273,0,0.40125665068626404,0.4510146975517273,0
00:00:08:26.267,51,0.19192018,0.20392063,0.05515866,0.08703151,0.05463133,0.41589704,0.00546082,0.11006235,0.20768371,0.05412867,0.10030396,0.05054279,0.34577534,0.00737305,0.00214889,0.00008694,0.00072524,0.00441174,0.00009481,0.00377017,0.00235476,0.00016283,0.00221079,0.87954921,0.85429525,0.00029784,0.00031326,0.01794715,0.01081261,0.02134337,0.04616523,0.00194301,0.02267658,0.00146813,0.01196748,0.04064784,0.06116891,0.04915019,0.09358024,0.18782291,0.16484194,0.00000521,0.36326447,0.00536298,0.00168324,0.00447401,0.00025930,0.00000095,0.00000118,0.00000247,0.00000521,0,-0.05731598506457751,-0.03195473700365911,0.05408150907084637,0.4007640779018402,0.4513189196586609,0,0.4007640779018402,0.4513189196586609,0
00:00:08:27.268,51,0.18776178,0.18122932,0.05163885,0.09251091,0.06261963,0.42358115,0.00576174,0.11057150,0.18860231,0.06127122,0.09239326,0.05804619,0.33928081,0.00718249,0.00181209,0.00006774,0.00075285,0.00414023,0.00009563,0.00419400,0.00295857,0.00014081,0.00227477,0.88241696,0.84842765,0.00031146,0.00032437,0.01469958,0.00953154,0.02193238,0.04030410,0.00159059,0.01562988,0.00113772,0.01001592,0.03167658,0.04411271,0.03092465,0.05924701,0.10061167,0.08799107,0.00000456,0.31235188,0.00773474,0.00194239,0.00495473,0.00020619,0.00000084,0.00000092,0.00000225,0.00000456,0,-0.0554561190554184,-0.03412002820673437,0.051305336832203334,0.4006734788417816,0.45019418001174927,0,0.4006734788417816,0.45019418001174927,0
00:00:08:28.269,51,0.19262116,0.14403659,0.04439919,0.10309574,0.07966098,0.45343748,0.00543051,0.12401941,0.15539169,0.07070284,0.08122317,0.07167201,0.34776613,0.00594336,0.00219103,0.00007745,0.00077005,0.00437758,0.00010046,0.00379640,0.00271137,0.00015046,0.00196429,0.87323159,0.84779555,0.00037648,0.00039644,0.01672283,0.01163911,0.01796560,0.04348180,0.00204524,0.01657537,0.00140147,0.01087504,0.03305553,0.05008933,0.04496060,0.08782908,0.11602169,0.10425390,0.00000475,0.34748644,0.00610314,0.00128611,0.00416779,0.00025921,0.00000091,0.00000097,0.00000237,0.00000475,0,-0.06242752814165095,-0.031758706508257434,0.053428310067629936,0.40015125274658203,0.44952866435050964,0,0.40015125274658203,0.44952866435050964,0
00:00:08:29.270,51,0.19472833,0.15360576,0.03667236,0.11807768,0.07300037,0.43787661,0.00512275,0.13410904,0.17004180,0.08425838,0.07126267,0.06528959,0.34242871,0.00540117,0.00163556,0.00007109,0.00061729,0.00400034,0.00010011,0.00320805,0.00259993,0.00021936,0.00133817,0.87001377,0.84011805,0.00039889,0.00037329,0.01066570,0.01203870,0.02185058,0.03065711,0.00184941,0.01585208,0.00133307,0.00943044,0.02948927,0.04316813,0.02688287,0.04839491,0.08011902,0.07886261,0.00000363,0.36586836,0.00467536,0.00138405,0.00379447,0.00020933,0.00000071,0.00000070,0.00000191,0.00000363,0,-0.04568513829119413,-0.04157604182769144,0.056903469994506385,0.4004424214363098,0.45137542486190796,0,0.4004424214363098,0.45137542486190796,0
00:00:09:00.271,51,0.17408216,0.17472744,0.04179985,0.10315796,0.06086905,0.44236666,0.00566705,0.10668555,0.18232113,0.07677028,0.07211305,0.05620529,0.33683071,0.00656892,0.00156797,0.00007260,0.00056118,0.00360387,0.00009413,0.00271895,0.00249989,0.00018913,0.00151175,0.84650272,0.81277966,0.00033661,0.00033985,0.01537931,0.01424068,0.01348497,0.02581059,0.00242309,0.01709630,0.00160573,0.00949604,0.03470263,0.05290250,0.02806018,0.04904577,0.06970248,0.06304199,0.00000363,0.40048316,0.00281247,0.00122516,0.00331606,0.00021328,0.00000065,0.00000069,0.00000174,0.00000363,0,-0.05063032337935454,-0.03281306655211441,0.059016388844704774,0.40031319856643677,0.4521544277667999,0,0.40031319856643677,0.4521544277667999,0
00:00:09:01.272,51,0.17813660,0.16768165,0.03728009,0.11314242,0.06944806,0.48370162,0.00534331,0.09029750,0.16022630,0.08369491,0.06695108,0.06775525,0.39540827,0.00786349,0.00176110,0.00005777,0.00114653,0.00452321,0.00011744,0.00148587,0.00124100,0.00013101,0.00186415,0.85019726,0.77768236,0.00032816,0.00038420,0.03685506,0.01567840,0.01042803,0.02502948,0.00453651,0.03894045,0.00214686,0.00863140,0.05694560,0.06386958,0.02960365,0.06509528,0.06621604,0.05335747,0.00000466,0.43323717,0.00079458,0.00122879,0.00386162,0.00030551,0.00000063,0.00000112,0.00000153,0.00000466,0,-0.06384948103258908,-0.03376021529299264,0.06083422504877522,0.3996922969818115,0.4523888826370239,0,0.3996922969818115,0.4523888826370239,0
00:00:09:02.273,51,0.22027645,0.12709099,0.10123934,0.05182144,0.08518268,0.54315048,0.00315345,0.13231215,0.13238166,0.02867197,0.15564166,0.08688928,0.38701317,0.00400152,0.00198293,0.00005850,0.00110027,0.00478413,0.00013887,0.00358417,0.00291396,0.00001210,0.00715077,0.66231310,0.50574452,0.00100630,0.00130575,0.02233903,0.00241953,0.01252338,0.05117996,0.00245829,0.01540241,0.00052484,0.00575909,0.01987861,0.01481161,0.02345785,0.04482297,0.01460924,0.00921673,0.00000303,0.70592332,0.00017529,0.00024117,0.00101049,0.00018389,0.00000031,0.00000064,0.00000101,0.00000303,0,-0.06092177051800885,-0.026590027075510926,0.06626267890526548,0.3986210227012634,0.4525206983089447,0,0.3986210227012634,0.4525206983089447,0
00:00:09:03.274,51,0.18452649,0.13778885,0.04507357,0.09787979,0.08118211,0.58162606,0.00300030,0.11747412,0.13446991,0.06613427,0.07831451,0.09513977,0.52813423,0.00397377,0.00075135,0.00004757,0.00084902,0.00453835,0.00036703,0.00037618,0.00045537,0.00003109,0.00314285,0.01610006,0.01179033,0.00125564,0.00183375,0.04264344,0.01282206,0.00288982,0.01293213,0.00788636,0.01954674,0.00136160,0.00145805,0.09599188,0.09763993,0.00504285,0.00739671,0.00009827,0.00009997,0.00000110,0.75374323,0.00003765,0.00018866,0.00063506,0.00005922,0.00000008,0.00000030,0.00000045,0.00000110,0,-0.056534505631249635,-0.022989636751532684,0.06815228294811593,0.39968740940093994,0.4531159996986389,0,0.39968740940093994,0.4531159996986389,0
00:00:09:04.275,51,0.16583210,0.14979430,0.04974293,0.09204196,0.07387399,0.54261744,0.00350925,0.09389311,0.13821092,0.05056651,0.09335931,0.08964329,0.51079547,0.00571189,0.00045473,0.00011428,0.00166888,0.01443215,0.00066597,0.00056128,0.00153931,0.00007318,0.00241571,0.00114502,0.00070323,0.00043721,0.00074165,0.04411120,0.00919190,0.00041804,0.00245918,0.02242993,0.06764378,0.00172961,0.00209882,0.06029298,0.04646819,0.00836549,0.01373904,0.00009296,0.00007913,0.00000111,0.69910097,0.00006975,0.00028420,0.00083041,0.00005773,0.00000011,0.00000033,0.00000042,0.00000111,0,-0.03928535950377247,-0.03475651154329207,0.07104703164089704,0.39847689867019653,0.45364290475845337,0,0.39847689867019653,0.45364290475845337,0
00:00:09:05.276,51,0.15975694,0.14131601,0.04129362,0.10380577,0.07997677,0.51719296,0.00377332,0.09668629,0.13013037,0.06625792,0.07154803,0.10027704,0.51239181,0.00621485,0.00032107,0.00013486,0.00198992,0.01378778,0.00076196,0.00080434,0.00886861,0.00005836,0.00448965,0.00022267,0.00011077,0.00022309,0.00041120,0.03873581,0.00494429,0.00020105,0.00112504,0.02572571,0.07617460,0.00146703,0.00132833,0.03260155,0.02005954,0.00713147,0.01067131,0.00002881,0.00001921,0.00000064,0.67734063,0.00008895,0.00031006,0.00090593,0.00003797,0.00000008,0.00000028,0.00000046,0.00000064,0,-0.06289905438681552,-0.04340025792503939,0.0680238752021833,0.3991893529891968,0.4541000723838806,0,0.3991893529891968,0.4541000723838806,0
00:00:09:06.277,51,0.14959039,0.15613404,0.04260861,0.10874251,0.07222913,0.49059168,0.00388252,0.09525098,0.14242953,0.05668134,0.08892435,0.08759892,0.47417280,0.00638164,0.00027505,0.00010909,0.00183914,0.01132035,0.00083545,0.00046496,0.00331817,0.00009215,0.00319513,0.00069003,0.00037519,0.00018996,0.00032234,0.04375011,0.00805342,0.00032434,0.00140638,0.02655781,0.07936555,0.00240293,0.00115352,0.06428975,0.04033257,0.00365474,0.00496950,0.00002176,0.00001694,0.00000066,0.69363320,0.00007403,0.00034920,0.00089137,0.00003586,0.00000007,0.00000031,0.00000035,0.00000066,0,-0.04941151714124112,-0.044002167475595495,0.06797008898126548,0.3983601927757263,0.45445069670677185,0,0.3983601927757263,0.45445069670677185,0
00:00:09:07.278,51,0.15737225,0.12681957,0.05262259,0.08552486,0.08436432,0.49885994,0.00371837,0.08524258,0.11788128,0.05112210,0.08785552,0.10286980,0.45829102,0.00637225,0.00034129,0.00009058,0.00267153,0.01463563,0.00088857,0.00065465,0.00372336,0.00005976,0.00401064,0.00051786,0.00029258,0.00031315,0.00055991,0.04236320,0.00613892,0.00030944,0.00173457,0.03287024,0.07169040,0.00211784,0.00170432,0.05681555,0.04021716,0.00702706,0.00991877,0.00003702,0.00002744,0.00000083,0.70486242,0.00007833,0.00025776,0.00091246,0.00004545,0.00000010,0.00000037,0.00000042,0.00000083,0,-0.056075471560200624,-0.03760441036222179,0.06696004830310551,0.3983030617237091,0.45392853021621704,0,0.3983030617237091,0.45392853021621704,0
00:00:09:08.279,51,0.14111194,0.11632492,0.04723091,0.09251345,0.09097306,0.48315266,0.00426559,0.07463765,0.11136897,0.05561418,0.08230532,0.10912135,0.40545595,0.00791375,0.00032669,0.00010903,0.00253640,0.01470753,0.00101293,0.00076137,0.00583283,0.00006674,0.00432453,0.00042020,0.00021359,0.00018928,0.00030413,0.03498172,0.00565917,0.00031121,0.00096613,0.02838690,0.07818464,0.00160181,0.00126765,0.04898651,0.02965200,0.00675617,0.00903586,0.00002264,0.00001612,0.00000065,0.65803593,0.00013714,0.00030823,0.00110987,0.00004281,0.00000008,0.00000033,0.00000040,0.00000065,0,-0.06120414591027783,-0.045364596230707446,0.06446427093142183,0.3987056016921997,0.4537907838821411,0,0.3987056016921997,0.4537907838821411,0
00:00:09:09.280,51,0.14284152,0.11944016,0.03835920,0.10760307,0.08829411,0.47967839,0.00405736,0.07922033,0.11236870,0.07102301,0.06817652,0.10887339,0.44080055,0.00752254,0.00043727,0.00008075,0.00242098,0.01330028,0.00079618,0.00060671,0.00233512,0.00004734,0.00422599,0.00106266,0.00057457,0.00031384,0.00052955,0.04577391,0.00607497,0.00048976,0.00188901,0.02118086,0.05959608,0.00141194,0.00158293,0.05925134,0.03735250,0.00759087,0.01105827,0.00004851,0.00003421,0.00000086,0.67888319,0.00010845,0.00027677,0.00096419,0.00005228,0.00000008,0.00000036,0.00000044,0.00000086,0,-0.04578286911616906,-0.04114680504207471,0.06591609602825772,0.3992163836956024,0.4535553753376007,0,0.3992163836956024,0.4535553753376007,0
00:00:09:10.281,51,0.13783388,0.11725514,0.02906857,0.13195945,0.09021308,0.47863454,0.00444878,0.07526840,0.11162812,0.08191769,0.06260479,0.11087620,0.42259249,0.00822943,0.00026408,0.00010290,0.00280277,0.01374960,0.00099323,0.00063791,0.00828982,0.00008079,0.00388477,0.00026452,0.00012923,0.00023884,0.00037340,0.02860063,0.00515128,0.00029977,0.00086810,0.03335214,0.07691532,0.00232268,0.00115463,0.04226569,0.02430523,0.00488674,0.00658075,0.00001426,0.00001122,0.00000062,0.69764507,0.00012034,0.00029804,0.00099756,0.00003580,0.00000008,0.00000033,0.00000038,0.00000062,0,-0.05213760055567355,-0.04779354973030569,0.06508323174329317,0.39912039041519165,0.4537199139595032,0,0.39912039041519165,0.4537199139595032,0
00:00:09:11.282,51,0.12940747,0.12803310,0.02752538,0.14662887,0.08403102,0.48578563,0.00492716,0.06782705,0.12084559,0.07426672,0.07260214,0.10117434,0.42462495,0.00967732,0.00033067,0.00009392,0.00371882,0.01562934,0.00112947,0.00082597,0.00782241,0.00005883,0.00534901,0.00037298,0.00015808,0.00017393,0.00024667,0.02837378,0.00447922,0.00040438,0.00061096,0.02472265,0.07803174,0.00144451,0.00110402,0.04143905,0.01886116,0.00524827,0.00781186,0.00002075,0.00001443,0.00000061,0.71426612,0.00006728,0.00025773,0.00100242,0.00004535,0.00000007,0.00000032,0.00000034,0.00000061,0,-0.03443742425366861,-0.04449265838545401,0.06821345208779261,0.3988809585571289,0.4543786644935608,0,0.3988809585571289,0.4543786644935608,0
00:00:09:12.283,51,0.13463455,0.11748429,0.02733756,0.14307483,0.09056611,0.46966025,0.00481217,0.06609274,0.10861962,0.08001209,0.06661357,0.11156908,0.39470172,0.00932593,0.00020214,0.00008206,0.00388133,0.01279508,0.00098203,0.00048417,0.00952592,0.00007235,0.00521141,0.00020376,0.00008811,0.00023673,0.00033403,0.02560534,0.00540556,0.00034967,0.00059787,0.04364349,0.09463242,0.00361674,0.00095760,0.04767133,0.02541040,0.00328756,0.00412272,0.00000846,0.00000696,0.00000054,0.71002001,0.00009150,0.00034021,0.00107367,0.00003173,0.00000007,0.00000034,0.00000034,0.00000054,0,-0.042065646475997545,-0.0461763169761347,0.0676661902577238,0.3987267017364502,0.45393067598342896,0,0.3987267017364502,0.45393067598342896,0
00:00:09:13.284,51,0.12744328,0.13685323,0.03357469,0.12402053,0.07780529,0.47266483,0.00484888,0.05501565,0.12577680,0.06711374,0.07634047,0.09602100,0.41498595,0.01130609,0.00030915,0.00009966,0.00329569,0.01521576,0.00113108,0.00079672,0.00728329,0.00008309,0.00384366,0.00037569,0.00018010,0.00018778,0.00025666,0.02475213,0.00574420,0.00039125,0.00064600,0.02752079,0.06882016,0.00173432,0.00118588,0.04405307,0.02560616,0.00553120,0.00761864,0.00001805,0.00001442,0.00000061,0.69850624,0.00008763,0.00026700,0.00110394,0.00004156,0.00000008,0.00000032,0.00000031,0.00000061,0,-0.03887198415538066,-0.04633327181922713,0.07215209267596223,0.3986852765083313,0.4545714855194092,0,0.3986852765083313,0.4545714855194092,0
00:00:09:14.285,51,0.12882084,0.13423087,0.02847838,0.14256565,0.07979646,0.47129604,0.00504284,0.04880575,0.11747031,0.07162875,0.07327589,0.10083994,0.40697587,0.01250143,0.00022580,0.00009192,0.00350409,0.01229441,0.00098016,0.00071251,0.01263223,0.00008763,0.00464847,0.00020703,0.00009212,0.00018807,0.00028304,0.02726226,0.00474782,0.00029694,0.00062648,0.03282212,0.07317363,0.00285708,0.00114041,0.04084686,0.02089855,0.00328357,0.00446482,0.00001097,0.00000850,0.00000059,0.71179855,0.00009186,0.00029500,0.00100667,0.00002958,0.00000008,0.00000036,0.00000034,0.00000059,0,-0.04338820594959181,-0.04608213827492185,0.07063691371969838,0.3983209431171417,0.45470476150512695,0,0.3983209431171417,0.45470476150512695,0
00:00:09:15.286,51,0.12243581,0.12924536,0.02558978,0.14187120,0.08092552,0.49154741,0.00498207,0.07285824,0.12356830,0.09301714,0.05778702,0.09676576,0.44898281,0.00855502,0.00028030,0.00008867,0.00320610,0.01286963,0.00079821,0.00073522,0.00850976,0.00008046,0.00427537,0.00030223,0.00015534,0.00022447,0.00026793,0.01784220,0.00773600,0.00040016,0.00049735,0.02799146,0.06072716,0.00212532,0.00139580,0.03423879,0.02673179,0.00556339,0.00702795,0.00001848,0.00001843,0.00000054,0.70899987,0.00008978,0.00030050,0.00088397,0.00003750,0.00000008,0.00000026,0.00000035,0.00000054,0,-0.04642291456949668,-0.052244935018504995,0.06832831819039956,0.3983129560947418,0.4552689790725708,0,0.3983129560947418,0.4552689790725708,0
00:00:09:16.287,51,0.11577675,0.13021044,0.03139008,0.12092295,0.08024181,0.52679861,0.00550287,0.05954630,0.12756808,0.07708247,0.06498168,0.09144824,0.39989924,0.00941849,0.00029654,0.00008247,0.00342993,0.01304566,0.00081676,0.00080473,0.00792163,0.00010120,0.00303769,0.00032545,0.00016531,0.00031978,0.00035934,0.01366199,0.00636320,0.00050500,0.00051517,0.02370833,0.05453654,0.00199657,0.00163739,0.03386353,0.02476103,0.00595480,0.00785231,0.00002195,0.00002334,0.00000060,0.71963036,0.00006755,0.00028827,0.00089958,0.00004026,0.00000008,0.00000026,0.00000037,0.00000060,0,-0.05607868787537702,-0.0456963587393904,0.0634331030075129,0.39810919761657715,0.45582115650177,0,0.39810919761657715,0.45582115650177,0
00:00:09:17.288,51,0.11530449,0.13695823,0.03079233,0.12370906,0.07731211,0.51724011,0.00573153,0.05928242,0.13183220,0.07759074,0.06616457,0.08958491,0.41220123,0.00981873,0.00024741,0.00007904,0.00427472,0.01381342,0.00080669,0.00073802,0.01078443,0.00009855,0.00351209,0.00019478,0.00009669,0.00032271,0.00035066,0.01123823,0.00650139,0.00043297,0.00040557,0.02943185,0.06450506,0.00245730,0.00158518,0.02844517,0.02329608,0.00542512,0.00685197,0.00001702,0.00001886,0.00000057,0.72157395,0.00007026,0.00029680,0.00086020,0.00003624,0.00000008,0.00000025,0.00000036,0.00000057,0,-0.04985716250990706,-0.04799747483058009,0.06572148385676337,0.3974679708480835,0.45590463280677795,0,0.3974679708480835,0.45590463280677795,0
00:00:09:18.289,51,0.11613201,0.13550365,0.03116331,0.12301320,0.07773528,0.52131265,0.00564005,0.05924663,0.13224036,0.07589515,0.06671020,0.08885951,0.39721075,0.00962326,0.00029485,0.00008316,0.00359120,0.01337541,0.00079137,0.00081400,0.00841202,0.00010986,0.00274494,0.00027672,0.00014404,0.00035612,0.00041394,0.01216100,0.00569373,0.00047458,0.00058421,0.02304335,0.05693202,0.00186224,0.00162547,0.03085943,0.02330711,0.00605560,0.00819065,0.00002142,0.00002292,0.00000065,0.71532923,0.00007204,0.00029537,0.00091264,0.00003920,0.00000008,0.00000027,0.00000040,0.00000065,0,-0.05061362307331006,-0.04731115470342714,0.0663457686793736,0.3975287079811096,0.45596787333488464,0,0.3975287079811096,0.45596787333488464,0
00:00:09:19.290,51,0.12675391,0.13510314,0.02818925,0.14515889,0.07696141,0.51688933,0.00522887,0.05689737,0.13033925,0.06709630,0.08029130,0.08542945,0.34318757,0.00909787,0.00020016,0.00006380,0.00386723,0.00967932,0.00099020,0.00051679,0.01020152,0.00016737,0.00231589,0.00030006,0.00016240,0.00033813,0.00035150,0.00918188,0.00788353,0.00060490,0.00055224,0.02568305,0.04400845,0.00359611,0.00094751,0.03569612,0.03008544,0.00277096,0.00293601,0.00000668,0.00000825,0.00000049,0.74203527,0.00005889,0.00031012,0.00095335,0.00002692,0.00000007,0.00000026,0.00000031,0.00000049,0,-0.047575619956808195,-0.04798949624789797,0.06604735687316084,0.3973020911216736,0.45546019077301025,0,0.3973020911216736,0.45546019077301025,0
00:00:09:20.291,51,0.13084257,0.10945244,0.04647714,0.10193545,0.09263812,0.49726069,0.00505266,0.07743887,0.10357203,0.03645922,0.12755589,0.10620148,0.41380894,0.00642428,0.00021986,0.00008586,0.00399966,0.01430501,0.00093849,0.00046944,0.00805245,0.00010448,0.00264377,0.00017225,0.00010975,0.00061419,0.00076473,0.01010812,0.00697765,0.00037322,0.00091130,0.04857338,0.07539497,0.00392305,0.00118461,0.03257608,0.03912769,0.00612764,0.00689961,0.00001058,0.00001379,0.00000073,0.75378823,0.00006170,0.00028933,0.00079001,0.00003621,0.00000009,0.00000031,0.00000037,0.00000073,0,-0.0437899662836017,-0.03563650925269583,0.06293022645141792,0.396856427192688,0.45522311329841614,0,0.396856427192688,0.45522311329841614,0
00:00:09:21.292,51,0.12653413,0.10974569,0.03254401,0.14291610,0.09147776,0.48999193,0.00552157,0.06126067,0.10361300,0.04464693,0.11804853,0.09809966,0.34019077,0.00754452,0.00018297,0.00005639,0.00292329,0.00902598,0.00096277,0.00033405,0.00455542,0.00005549,0.00535412,0.00054232,0.00030528,0.00053809,0.00071017,0.01911571,0.00533249,0.00072717,0.00134590,0.03316816,0.04726778,0.00594832,0.00113401,0.05404167,0.03756394,0.00184065,0.00218673,0.00001002,0.00001057,0.00000066,0.75476605,0.00006767,0.00031724,0.00071263,0.00002865,0.00000007,0.00000034,0.00000030,0.00000066,0,-0.04788839594753855,-0.03191850615293559,0.06100137406509105,0.39748167991638184,0.4549119174480438,0,0.39748167991638184,0.4549119174480438,0
00:00:09:22.293,51,0.12627015,0.11929745,0.03985073,0.11917263,0.08625226,0.47759870,0.00568847,0.06601737,0.11440557,0.04283247,0.11939186,0.09449862,0.37498212,0.00795491,0.00012901,0.00010567,0.00369873,0.01434167,0.00107316,0.00059282,0.02505926,0.00014085,0.00423314,0.00006918,0.00003860,0.00015595,0.00019127,0.01168241,0.00734096,0.00017291,0.00030893,0.05274305,0.08976020,0.00531477,0.00121458,0.02220281,0.02068234,0.00254142,0.00285885,0.00000704,0.00000902,0.00000042,0.70404553,0.00011478,0.00038788,0.00080251,0.00002359,0.00000007,0.00000024,0.00000030,0.00000042,0,-0.02204214937387643,-0.03455906540048464,0.06698688237031769,0.39660364389419556,0.45515304803848267,0,0.39660364389419556,0.45515304803848267,0
00:00:09:23.294,51,0.12884745,0.09603931,0.02451554,0.17613599,0.10049506,0.46306249,0.00517231,0.07514169,0.09273181,0.04545309,0.12196559,0.10823060,0.38723397,0.00679861,0.00016764,0.00006185,0.00355427,0.01327084,0.00100282,0.00040173,0.00660158,0.00004493,0.00686875,0.00023743,0.00013275,0.00061925,0.00077073,0.01341572,0.00571439,0.00054774,0.00084147,0.04792077,0.06437968,0.00630644,0.00193134,0.03205372,0.03054446,0.00246153,0.00279801,0.00001795,0.00001891,0.00000072,0.69305956,0.00012542,0.00036226,0.00080828,0.00003300,0.00000010,0.00000030,0.00000030,0.00000072,0,-0.03354698133899064,-0.043892837111861684,0.06353361138004517,0.3967389762401581,0.4540574252605438,0,0.3967389762401581,0.4540574252605438,0
00:00:09:24.295,51,0.13162014,0.09091206,0.02716535,0.16034628,0.10056745,0.46183908,0.00518800,0.08131599,0.08922639,0.03873549,0.13268775,0.11043842,0.38456813,0.00625404,0.00015566,0.00009444,0.00296981,0.01363346,0.00079004,0.00052905,0.01544738,0.00003725,0.01003894,0.00008092,0.00004587,0.00050097,0.00065880,0.01167543,0.00455578,0.00029072,0.00061428,0.05672009,0.07971191,0.00567211,0.00179083,0.02216084,0.02511777,0.00354586,0.00389325,0.00001407,0.00001523,0.00000067,0.66268992,0.00018609,0.00044576,0.00101287,0.00002946,0.00000010,0.00000029,0.00000039,0.00000067,0,-0.02271866141403634,-0.03723953717838203,0.059951432654185226,0.3959461450576782,0.45356932282447815,0,0.3959461450576782,0.45356932282447815,0
00:00:09:25.296,51,0.12893029,0.09033057,0.03036500,0.14978324,0.09858986,0.45787907,0.00526652,0.07557885,0.08805915,0.03310404,0.15153128,0.10845643,0.37096605,0.00626099,0.00012744,0.00007950,0.00372910,0.01353773,0.00085332,0.00053008,0.02121463,0.00002961,0.01391480,0.00005850,0.00003433,0.00056435,0.00063701,0.00787698,0.00539357,0.00031642,0.00040874,0.06683175,0.07092459,0.00768369,0.00195121,0.01735658,0.02704451,0.00323166,0.00295632,0.00001084,0.00001351,0.00000058,0.65079308,0.00019776,0.00049223,0.00117482,0.00002628,0.00000010,0.00000025,0.00000033,0.00000058,0,-0.021144211174556986,-0.03584856810773914,0.05989139537429871,0.3955317437648773,0.4536765515804291,0,0.3955317437648773,0.4536765515804291,0
00:00:09:26.297,51,0.11845638,0.11395109,0.02469429,0.17408606,0.07531062,0.45446581,0.00561216,0.08273877,0.11384218,0.03700923,0.14414163,0.07921795,0.37520856,0.00538288,0.00011608,0.00006385,0.00291044,0.01101451,0.00072285,0.00036308,0.01167905,0.00003492,0.01016503,0.00009872,0.00006328,0.00111342,0.00104197,0.00481759,0.00654813,0.00064190,0.00046093,0.05629138,0.04552354,0.01072326,0.00246706,0.01808033,0.03538451,0.00245649,0.00194867,0.00001417,0.00002144,0.00000063,0.64273906,0.00029011,0.00046080,0.00105772,0.00002438,0.00000011,0.00000020,0.00000030,0.00000063,0,-0.011433398770527759,-0.03221151533043229,0.0557573265187803,0.3960060179233551,0.45476603507995605,0,0.3960060179233551,0.45476603507995605,0
00:00:09:27.298,51,0.34780088,0.39470202,0.03727612,0.11081118,0.02165223,0.47387335,0.00138923,0.16524893,0.36994419,0.11186302,0.04578235,0.02870316,0.48984343,0.00251651,0.00016444,0.00003501,0.00238364,0.00783898,0.00106240,0.00020011,0.00169201,0.00001389,0.01253654,0.00125891,0.00064697,0.00077051,0.00082727,0.01908029,0.00629414,0.00214986,0.00151921,0.02225592,0.04279578,0.00429215,0.00080274,0.06172119,0.04406981,0.00105028,0.00122866,0.00001105,0.00001001,0.00000035,0.60744298,0.00016315,0.00042159,0.00097374,0.00001894,0.00000004,0.00000022,0.00000019,0.00000035,0,-0.01810182962578825,-0.041486095783972075,0.060226406195033076,0.4011111855506897,0.4617442786693573,0,0.4011111855506897,0.4617442786693573,0
00:00:09:28.299,51,0.64413035,0.68422961,0.10347175,0.06506799,0.00574873,0.47514644,0.00049510,0.51677126,0.67559445,0.14999899,0.02244764,0.00815211,0.65240264,0.00030301,0.00018316,0.00003382,0.00421784,0.01356298,0.00121470,0.00021344,0.00194374,0.00003213,0.00591996,0.00085705,0.00051378,0.00117386,0.00106646,0.00905096,0.00842157,0.00192725,0.00190125,0.02172173,0.04600665,0.00250704,0.00087271,0.03648400,0.04047604,0.00267201,0.00354380,0.00003130,0.00003242,0.00000034,0.46397752,0.00086105,0.00095882,0.00142891,0.00002148,0.00000005,0.00000024,0.00000044,0.00000034,0,0.002387377209583807,-0.049970281665359655,0.05942731653719858,0.40528687834739685,0.4685733914375305,0,0.40528687834739685,0.4685733914375305,0
00:00:09:29.300,51,0.63278377,0.62124193,0.09687010,0.07347099,0.00780006,0.53003305,0.00051297,0.47198784,0.61144328,0.15615575,0.02104986,0.01123699,0.63719124,0.00037684,0.00017185,0.00003433,0.00423570,0.01371285,0.00154408,0.00028372,0.00326884,0.00003609,0.00691715,0.00069257,0.00036089,0.00052322,0.00046561,0.01206848,0.00792966,0.00163198,0.00110328,0.01877348,0.04734529,0.00203000,0.00060494,0.03787132,0.03000289,0.00213437,0.00292064,0.00001979,0.00001893,0.00000024,0.43577981,0.00097404,0.00079459,0.00141845,0.00001826,0.00000004,0.00000022,0.00000037,0.00000024,0,-0.0057328641222515525,-0.044901020642447644,0.057632250173855974,0.406405508518219,0.46714431047439575,0,0.406405508518219,0.46714431047439575,0
00:00:10:00.301,51,0.51184815,0.50124490,0.10035905,0.04505252,0.01242900,0.47173592,0.00078146,0.30147409,0.49616969,0.05035618,0.09556199,0.01831984,0.50780296,0.00097483,0.00012347,0.00003904,0.00268369,0.00952706,0.00101591,0.00024809,0.00325867,0.00002404,0.01007638,0.00046143,0.00028198,0.00044691,0.00046070,0.01250887,0.00705065,0.00100816,0.00104452,0.02365219,0.04852794,0.00353930,0.00079859,0.03750426,0.03882948,0.00141723,0.00157879,0.00001296,0.00001205,0.00000030,0.40735230,0.00086244,0.00121420,0.00174495,0.00001556,0.00000004,0.00000019,0.00000027,0.00000030,0,-0.018382691025853767,-0.04131891133690133,0.06432711763993172,0.39963576197624207,0.4649328589439392,0,0.39963576197624207,0.4649328589439392,0
00:00:10:01.302,51,0.30119643,0.29335761,0.09590157,0.06312526,0.03241461,0.40428478,0.00202181,0.15350081,0.27161252,0.02700639,0.16221035,0.03556564,0.42550680,0.00280031,0.00011710,0.00003055,0.00321180,0.00725729,0.00080569,0.00032884,0.00417929,0.00002234,0.01613360,0.00080870,0.00038242,0.00018827,0.00021658,0.02521820,0.00473305,0.00103585,0.00067758,0.01837322,0.03417741,0.00341749,0.00100716,0.05666653,0.02790811,0.00096561,0.00113335,0.00001275,0.00001089,0.00000036,0.37085608,0.00113565,0.00159006,0.00322190,0.00001687,0.00000004,0.00000019,0.00000027,0.00000036,0,-0.002553482246748942,-0.03823168144318894,0.0618109422311691,0.39555758237838745,0.4609892666339874,0,0.39555758237838745,0.4609892666339874,0
00:00:10:02.303,51,0.26244870,0.17587273,0.07852755,0.08844763,0.05220042,0.42558050,0.00234604,0.12417443,0.16863929,0.01578454,0.25433463,0.05693673,0.41695443,0.00334585,0.00009486,0.00004409,0.00341055,0.00871363,0.00103558,0.00038615,0.00749040,0.00004465,0.01211872,0.00046216,0.00020071,0.00011238,0.00016054,0.04961588,0.00383613,0.00047461,0.00058301,0.03107086,0.04576943,0.00622079,0.00141459,0.06224120,0.01991973,0.00064729,0.00087049,0.00001099,0.00000819,0.00000043,0.42825350,0.00131819,0.00097772,0.00219627,0.00001646,0.00000006,0.00000025,0.00000026,0.00000043,0,-0.0027737285629844534,-0.029063110616474496,0.055498951077310135,0.3949972987174988,0.4585173428058624,0,0.3949972987174988,0.4585173428058624,0
00:00:10:03.304,51,0.23675825,0.16787675,0.09701546,0.06929047,0.05479752,0.44116500,0.00266189,0.11995602,0.16594087,0.01719153,0.23319294,0.05715599,0.40621844,0.00324380,0.00010172,0.00003446,0.00346049,0.00807761,0.00113544,0.00035302,0.00452336,0.00003200,0.01776450,0.00096878,0.00050415,0.00007492,0.00009495,0.05165028,0.00639947,0.00059022,0.00054964,0.02713520,0.04409020,0.00531191,0.00106778,0.07585436,0.03454328,0.00066277,0.00074473,0.00000882,0.00000805,0.00000035,0.44630256,0.00151192,0.00093309,0.00200442,0.00001707,0.00000004,0.00000022,0.00000021,0.00000035,0,-0.014175076478775056,-0.025942746365872727,0.055720676649781024,0.3953724205493927,0.4584587812423706,0,0.3953724205493927,0.4584587812423706,0
00:00:10:04.305,51,0.20385157,0.16458306,0.09199238,0.07507668,0.05203867,0.41659921,0.00306767,0.09848373,0.15864171,0.01460174,0.25720334,0.05547422,0.41152942,0.00419769,0.00011273,0.00003828,0.00281372,0.00753555,0.00088110,0.00036531,0.00376835,0.00006055,0.00890392,0.00132068,0.00073231,0.00008892,0.00010209,0.03691986,0.00726746,0.00075328,0.00051298,0.02006571,0.03108188,0.00469235,0.00154287,0.07031791,0.03383306,0.00076319,0.00089423,0.00001548,0.00001574,0.00000042,0.40268925,0.00165411,0.00134063,0.00240475,0.00001856,0.00000006,0.00000020,0.00000024,0.00000042,0,-0.014766883903239922,-0.031172190831212563,0.0607340405933326,0.3950892686843872,0.4583393633365631,0,0.3950892686843872,0.4583393633365631,0
00:00:10:05.306,51,0.18402007,0.16695713,0.05758077,0.10511710,0.05169600,0.40569842,0.00348718,0.09009676,0.15940000,0.02282939,0.19466300,0.05687445,0.40117314,0.00510164,0.00008937,0.00003855,0.00393779,0.00920468,0.00090532,0.00032194,0.00522037,0.00005903,0.01087201,0.00055815,0.00028668,0.00008123,0.00010921,0.04302218,0.00700211,0.00040822,0.00047818,0.03669168,0.05341824,0.00777623,0.00173412,0.06845459,0.03307557,0.00065002,0.00075856,0.00001259,0.00001225,0.00000046,0.42136508,0.00131034,0.00130986,0.00241316,0.00001790,0.00000006,0.00000025,0.00000026,0.00000046,0,-0.00081020014172839,-0.03119004391928455,0.0623626200823937,0.3948103189468384,0.4572932720184326,0,0.3948103189468384,0.4572932720184326,0
00:00:10:06.307,51,0.16341238,0.16024473,0.07989816,0.06263591,0.05736748,0.42700478,0.00381105,0.09066169,0.16055457,0.03474956,0.12058830,0.06282506,0.42124718,0.00499437,0.00015423,0.00004207,0.00312159,0.00933263,0.00066253,0.00055851,0.00622921,0.00007210,0.00511566,0.00051236,0.00026473,0.00021196,0.00019408,0.01308766,0.00604530,0.00092188,0.00033544,0.01751337,0.02656322,0.00243973,0.00153423,0.03827913,0.02393810,0.00231600,0.00286409,0.00001600,0.00002133,0.00000040,0.35129425,0.00146450,0.00156574,0.00355263,0.00002162,0.00000006,0.00000016,0.00000032,0.00000040,0,-0.00946443593662601,-0.032825154727333265,0.05601821522296112,0.39634066820144653,0.45717382431030273,0,0.39634066820144653,0.45717382431030273,0
00:00:10:07.308,51,0.18794768,0.13749929,0.09542988,0.05450531,0.06330781,0.39203528,0.00335581,0.09708530,0.14172828,0.03215158,0.12469002,0.07106142,0.36768791,0.00460628,0.00033677,0.00002112,0.00089889,0.00182599,0.00018877,0.00054561,0.00177090,0.00004372,0.00659584,0.02151221,0.01287444,0.00016852,0.00023765,0.07360987,0.00666824,0.00295408,0.00433462,0.00298867,0.00514894,0.00101147,0.00148990,0.09919000,0.04071112,0.00143232,0.00188515,0.00004565,0.00003304,0.00000059,0.30986652,0.00285020,0.00161408,0.00408008,0.00002108,0.00000005,0.00000022,0.00000077,0.00000059,0,-0.03087288665057635,-0.021308525113155726,0.059677588074773136,0.39617592096328735,0.45745259523391724,0,0.39617592096328735,0.45745259523391724,0
00:00:10:08.309,51,0.18880710,0.13596104,0.09038704,0.05516490,0.06366412,0.37933272,0.00329676,0.08963186,0.13502638,0.03434487,0.11713674,0.07459278,0.37256172,0.00498253,0.00040451,0.00001939,0.00093141,0.00194200,0.00018519,0.00055898,0.00120270,0.00005793,0.00472132,0.03933737,0.02676673,0.00013672,0.00016513,0.06956309,0.01449172,0.00413895,0.00375110,0.00288995,0.00585473,0.00079283,0.00135258,0.11648488,0.06868602,0.00191637,0.00223641,0.00004216,0.00003924,0.00000058,0.28949070,0.00280962,0.00193218,0.00473009,0.00002499,0.00000005,0.00000020,0.00000068,0.00000058,0,-0.05628313400725209,-0.02445184723782582,0.06047288358864789,0.39629441499710083,0.4571773111820221,0,0.39629441499710083,0.4571773111820221,0
00:00:10:09.310,51,0.16876110,0.15090454,0.14246634,0.03800701,0.05539425,0.40367371,0.00406973,0.07704028,0.16085780,0.02098542,0.16602552,0.06095312,0.32185555,0.00604835,0.00050888,0.00002203,0.00097231,0.00221372,0.00014526,0.00054299,0.00085282,0.00005114,0.00500702,0.04593300,0.03084996,0.00015580,0.00024732,0.21562204,0.01895076,0.00243950,0.00641563,0.00404917,0.00660467,0.00110039,0.00266026,0.15711583,0.08489332,0.00303907,0.00405170,0.00015407,0.00010784,0.00000111,0.23372836,0.00545345,0.00185712,0.00576369,0.00003757,0.00000008,0.00000033,0.00000109,0.00000111,0,-0.044688205009598476,-0.024983468630843997,0.056472210511416196,0.3953612148761749,0.4571205973625183,0,0.3953612148761749,0.4571205973625183,0
00:00:10:10.311,51,0.16849448,0.12561655,0.07463850,0.06219259,0.06864849,0.38939777,0.00411801,0.08508731,0.13190407,0.03808712,0.10996488,0.07488416,0.35168371,0.00548984,0.00053930,0.00001960,0.00074788,0.00207093,0.00013631,0.00053208,0.00078528,0.00006396,0.00390706,0.09191535,0.06429114,0.00020830,0.00029658,0.17056765,0.02000842,0.00435157,0.00904432,0.00380943,0.00531048,0.00123323,0.00350902,0.15598993,0.09306867,0.00293578,0.00394675,0.00024805,0.00021474,0.00000133,0.19097497,0.00895675,0.00299140,0.00633887,0.00004293,0.00000010,0.00000033,0.00000118,0.00000133,0,-0.04984614899172004,-0.021649583128176924,0.05078875678612527,0.3972020745277405,0.45584598183631897,0,0.3972020745277405,0.45584598183631897,0
00:00:10:11.312,51,0.16559336,0.12628783,0.08686349,0.06002201,0.07268345,0.41453117,0.00433264,0.08167248,0.13349801,0.03047590,0.13597186,0.07172923,0.31610292,0.00566423,0.00047251,0.00002395,0.00083742,0.00219859,0.00013777,0.00058510,0.00132144,0.00005656,0.00502565,0.27828291,0.19662093,0.00013223,0.00016455,0.14963147,0.02284558,0.00364971,0.00635814,0.00444106,0.00922029,0.00163057,0.00393464,0.11426305,0.07675773,0.00207756,0.00266317,0.00034280,0.00033882,0.00000133,0.23879530,0.00545010,0.00174068,0.00431356,0.00005274,0.00000011,0.00000025,0.00000081,0.00000133,0,-0.04715103510426441,-0.01860060246098114,0.05343919356830697,0.3965567350387573,0.4562351107597351,0,0.3965567350387573,0.4562351107597351,0
00:00:10:12.313,51,0.17012137,0.13347755,0.06272146,0.07088275,0.06336682,0.39681360,0.00377590,0.09799796,0.14054827,0.04788239,0.09419970,0.06785299,0.36054918,0.00474266,0.00040685,0.00001440,0.00054754,0.00114578,0.00009599,0.00037660,0.00088205,0.00004918,0.00465282,0.18928741,0.16138826,0.00047253,0.00043586,0.04301239,0.02528457,0.01630112,0.01045009,0.00346657,0.00305847,0.00210908,0.00278174,0.10730901,0.11529580,0.00155959,0.00153993,0.00012275,0.00017130,0.00000085,0.25552014,0.00955107,0.00154446,0.00393003,0.00002985,0.00000009,0.00000022,0.00000078,0.00000085,0,-0.04651389977991862,-0.024784411507099938,0.05946807701832618,0.39704322814941406,0.4560903012752533,0,0.39704322814941406,0.4560903012752533,0
00:00:10:13.314,51,0.18796746,0.13526610,0.09240691,0.05170076,0.06364253,0.41177276,0.00357839,0.11515193,0.14028797,0.03033446,0.12596329,0.06587955,0.35211152,0.00380765,0.00043826,0.00001809,0.00099006,0.00212684,0.00009354,0.00070087,0.00146976,0.00007592,0.00323315,0.43908155,0.33153036,0.00031103,0.00031909,0.06475125,0.02140894,0.00684488,0.00679256,0.00550154,0.00770854,0.00256748,0.00645908,0.09087701,0.07363175,0.00273429,0.00349287,0.00088430,0.00113732,0.00000146,0.27061242,0.00637807,0.00123378,0.00347991,0.00005977,0.00000015,0.00000025,0.00000085,0.00000146,0,-0.039798753126758055,-0.01588012952245208,0.05904285474982098,0.3964604139328003,0.4560661017894745,0,0.3964604139328003,0.4560661017894745,0
00:00:10:14.315,51,0.19174802,0.15618114,0.11595498,0.04196882,0.05799302,0.37583327,0.00352774,0.10286069,0.14912145,0.02563479,0.14265321,0.06421673,0.38840958,0.00508206,0.00035786,0.00001786,0.00111896,0.00253974,0.00008877,0.00053396,0.00125277,0.00007199,0.00326512,0.60449743,0.46596184,0.00055579,0.00056813,0.04032192,0.01628481,0.00773146,0.00710974,0.00860061,0.01470799,0.00541982,0.00985250,0.07897617,0.07198798,0.00294496,0.00351036,0.00307561,0.00342468,0.00000208,0.24859330,0.00611792,0.00164172,0.00372165,0.00007854,0.00000025,0.00000027,0.00000079,0.00000208,0,-0.03800287898389967,-0.017696575485739847,0.05840808651127533,0.3971809148788452,0.45610499382019043,0,0.3971809148788452,0.45610499382019043,0
00:00:10:15.316,51,0.19866543,0.13442200,0.08407623,0.05721804,0.06868433,0.39524621,0.00375445,0.11289342,0.13709374,0.03284990,0.12373913,0.07108124,0.35561591,0.00443419,0.00026016,0.00001599,0.00102396,0.00168334,0.00008231,0.00044000,0.00200730,0.00008754,0.00358076,0.67302990,0.53214550,0.00061680,0.00072628,0.04004807,0.01031545,0.00448301,0.00795216,0.00910114,0.01246495,0.00827463,0.00884401,0.07274194,0.05825726,0.00136939,0.00166838,0.00163087,0.00135658,0.00000231,0.26905864,0.00687059,0.00154246,0.00400376,0.00006386,0.00000026,0.00000028,0.00000090,0.00000231,0,-0.053459785980437026,-0.019322395890835585,0.057103171933218115,0.3972281813621521,0.45604848861694336,0,0.3972281813621521,0.45604848861694336,0
00:00:10:16.317,51,0.20535284,0.14123742,0.08891292,0.05304328,0.06426565,0.35228130,0.00311797,0.10535557,0.13575681,0.03324322,0.11535607,0.07286240,0.37998974,0.00447413,0.00012894,0.00001426,0.00098725,0.00147103,0.00009877,0.00022389,0.00150728,0.00011899,0.00374344,0.56295824,0.40837815,0.00037520,0.00047334,0.08149189,0.02077712,0.00376676,0.00719964,0.01442425,0.01428264,0.02208230,0.00941372,0.12772094,0.10253686,0.00045826,0.00045391,0.00061489,0.00056109,0.00000170,0.21123889,0.00961496,0.00202207,0.00509768,0.00003872,0.00000021,0.00000026,0.00000072,0.00000170,0,-0.03728518699569586,-0.019608740600886163,0.05914615838104963,0.39755159616470337,0.4558730125427246,0,0.39755159616470337,0.4558730125427246,0
00:00:10:17.318,51,0.19187844,0.16141582,0.11521257,0.04380739,0.05839125,0.38629302,0.00380068,0.10208554,0.15939707,0.02458715,0.14966638,0.06003385,0.35180783,0.00496657,0.00021856,0.00001640,0.00134453,0.00256050,0.00013039,0.00020941,0.00067109,0.00007418,0.00366976,0.64417481,0.48037514,0.00116087,0.00145645,0.06615253,0.01564865,0.00595763,0.01180026,0.02418902,0.02775140,0.02099773,0.01030886,0.14810194,0.12187601,0.00103454,0.00127766,0.00148566,0.00124971,0.00000327,0.22970796,0.00756281,0.00150781,0.00511505,0.00007633,0.00000037,0.00000042,0.00000073,0.00000327,0,-0.047995482732253084,-0.010662058228476328,0.05886743875795876,0.39858371019363403,0.45531269907951355,0,0.39858371019363403,0.45531269907951355,0
00:00:10:18.319,51,0.20960832,0.17701900,0.06683027,0.06792071,0.05131708,0.34890872,0.00357819,0.12484215,0.17406215,0.04204097,0.10268362,0.05288146,0.35671997,0.00406265,0.00017385,0.00001350,0.00108319,0.00185347,0.00010476,0.00026398,0.00140207,0.00010256,0.00396131,0.67913413,0.53136683,0.00057578,0.00067364,0.05466311,0.01744239,0.00412250,0.00711431,0.01551332,0.02026627,0.01737301,0.00852155,0.10963859,0.08803055,0.00074718,0.00083476,0.00151631,0.00135892,0.00000233,0.24207681,0.01111342,0.00229924,0.00469534,0.00005863,0.00000026,0.00000031,0.00000077,0.00000233,0,-0.05004722892338307,-0.024521388884520753,0.06172615541791718,0.39845436811447144,0.45620548725128174,0,0.39845436811447144,0.45620548725128174,0
00:00:10:19.320,51,0.18259339,0.22578482,0.04209343,0.09990951,0.03872628,0.37711030,0.00474147,0.12036625,0.24263696,0.06482606,0.07576035,0.03512599,0.29989490,0.00441952,0.00012499,0.00001574,0.00069407,0.00137135,0.00010609,0.00036486,0.00362555,0.00020179,0.00319002,0.67412168,0.55378056,0.00015810,0.00015294,0.03233490,0.02141856,0.00229975,0.00225729,0.00799488,0.01563299,0.01139072,0.00437849,0.07585755,0.05735530,0.00035275,0.00037305,0.00050368,0.00061106,0.00000115,0.31933039,0.00517082,0.00178034,0.00323206,0.00003609,0.00000011,0.00000015,0.00000052,0.00000115,0,-0.021573285077083393,-0.027103210817848562,0.046729393707142006,0.39984017610549927,0.4565499722957611,0,0.39984017610549927,0.4565499722957611,0
00:00:10:20.321,51,0.18467042,0.20166308,0.05604697,0.07823174,0.04373477,0.40241840,0.00453324,0.12080289,0.20930885,0.05158681,0.08666459,0.04134050,0.34290099,0.00449189,0.00024704,0.00002425,0.00065073,0.00210742,0.00010564,0.00054303,0.00239634,0.00018488,0.00241127,0.67580378,0.59210157,0.00029011,0.00030360,0.03483620,0.01820328,0.00229379,0.00414371,0.00849258,0.01957549,0.00672278,0.00706049,0.06914540,0.05970114,0.00121573,0.00153176,0.00218098,0.00255352,0.00000194,0.32861519,0.00555955,0.00126338,0.00282507,0.00006876,0.00000020,0.00000022,0.00000073,0.00000194,0,-0.0204580036652632,-0.026672736596435806,0.05338162978494333,0.3995967507362366,0.4565455913543701,0,0.3995967507362366,0.4565455913543701,0
00:00:10:21.322,51,0.17913622,0.19191235,0.05889751,0.07372671,0.04638337,0.39660242,0.00503854,0.12132051,0.20142512,0.04977486,0.08728669,0.04313278,0.33312973,0.00433094,0.00029556,0.00002401,0.00058857,0.00180247,0.00007499,0.00068078,0.00275508,0.00022900,0.00180940,0.66583371,0.62396556,0.00030352,0.00027832,0.02278160,0.02252632,0.00280638,0.00393324,0.00580307,0.01447067,0.00458645,0.00676392,0.05032549,0.05569293,0.00185685,0.00219363,0.00221649,0.00325489,0.00000173,0.29420608,0.00709729,0.00172089,0.00320379,0.00006611,0.00000019,0.00000018,0.00000086,0.00000173,0,-0.0293110702532667,-0.023319534077823088,0.053577731064903496,0.39985087513923645,0.45744386315345764,0,0.39985087513923645,0.45744386315345764,0
00:00:10:22.323,51,0.17869678,0.18501417,0.04983190,0.08094474,0.04693066,0.40302670,0.00443608,0.11054981,0.18731186,0.06222497,0.06985556,0.04745181,0.37047833,0.00455175,0.00036188,0.00002103,0.00064914,0.00177438,0.00007130,0.00072338,0.00259551,0.00019577,0.00172117,0.65819347,0.62273747,0.00046116,0.00041662,0.01973811,0.02204032,0.00401079,0.00561493,0.00585304,0.01103516,0.00473514,0.00770709,0.04462025,0.05609132,0.00245874,0.00291690,0.00274326,0.00409800,0.00000177,0.31234944,0.00773697,0.00124007,0.00255209,0.00006582,0.00000023,0.00000021,0.00000086,0.00000177,0,-0.04334782270261826,-0.02516921994502022,0.05357972821409694,0.4011407792568207,0.4561961591243744,0,0.4011407792568207,0.4561961591243744,0
00:00:10:23.324,51,0.17897980,0.18304491,0.04606305,0.08708388,0.04828494,0.41939172,0.00460628,0.11571889,0.19132203,0.06148517,0.07302398,0.04557438,0.34334973,0.00452676,0.00043552,0.00002770,0.00070694,0.00266610,0.00009637,0.00068412,0.00185893,0.00019151,0.00146527,0.66464996,0.59799147,0.00052839,0.00051513,0.02481376,0.01827146,0.00441958,0.00737279,0.00736439,0.01576759,0.00413215,0.00732853,0.05684460,0.05681181,0.00327829,0.00438686,0.00314442,0.00425907,0.00000237,0.31407538,0.00697648,0.00127334,0.00290739,0.00009008,0.00000027,0.00000027,0.00000091,0.00000237,0,-0.037882466726650854,-0.031226844779971945,0.05074021896681665,0.40069207549095154,0.45636576414108276,0,0.40069207549095154,0.45636576414108276,0
00:00:10:24.325,51,0.19966337,0.21252443,0.04039877,0.10288910,0.04117334,0.42302784,0.00406200,0.13553783,0.23627539,0.06859809,0.07137851,0.03770259,0.31548908,0.00390267,0.00020162,0.00001767,0.00068659,0.00141775,0.00009287,0.00061022,0.00456083,0.00023291,0.00241050,0.64555734,0.53023887,0.00012522,0.00012285,0.02628802,0.01519250,0.00251042,0.00311422,0.00426671,0.01226902,0.00427727,0.00396609,0.05694176,0.04102325,0.00065449,0.00080298,0.00063375,0.00074449,0.00000113,0.35615221,0.00414133,0.00133451,0.00264554,0.00003959,0.00000011,0.00000016,0.00000069,0.00000113,0,-0.03611370303545811,-0.033653636621423656,0.048643759281401446,0.4014831483364105,0.4573802649974823,0,0.4014831483364105,0.4573802649974823,0
00:00:10:25.326,51,0.19713925,0.18388270,0.04907460,0.09037285,0.04859056,0.39706990,0.00384722,0.12431663,0.19987762,0.06368655,0.07579326,0.04899799,0.34449461,0.00438161,0.00022401,0.00001490,0.00075848,0.00123138,0.00007832,0.00065857,0.00491294,0.00015864,0.00283785,0.65877724,0.52065992,0.00016784,0.00016810,0.02152085,0.00987679,0.00416296,0.00447119,0.00319854,0.00968467,0.00304702,0.00381000,0.04369104,0.03027500,0.00072319,0.00089863,0.00057084,0.00057565,0.00000107,0.32535151,0.00565614,0.00123514,0.00266055,0.00003375,0.00000011,0.00000016,0.00000074,0.00000107,0,-0.036450007972496944,-0.036724165873299394,0.05114793312158491,0.4018288552761078,0.45751678943634033,0,0.4018288552761078,0.45751678943634033,0
00:00:10:26.327,51,0.22356482,0.22466952,0.03123485,0.12188347,0.03659027,0.36393291,0.00314337,0.14073060,0.24151507,0.08389452,0.06128172,0.03734419,0.32377794,0.00351626,0.00018443,0.00001050,0.00076942,0.00087667,0.00006113,0.00035587,0.00288632,0.00014658,0.00300862,0.57820058,0.42057472,0.00026442,0.00027811,0.03079192,0.01206761,0.00737574,0.00842972,0.00427991,0.00702069,0.00630014,0.00426647,0.07580094,0.04779117,0.00043870,0.00049607,0.00036186,0.00039271,0.00000110,0.32940370,0.00718450,0.00159614,0.00287141,0.00002631,0.00000010,0.00000021,0.00000084,0.00000110,0,-0.02856895312817486,-0.03331119631600259,0.05193170548230308,0.40121370553970337,0.45841434597969055,0,0.40121370553970337,0.45841434597969055,0
00:00:10:27.328,51,0.18453258,0.14542554,0.06223005,0.07141384,0.05709698,0.37730554,0.00364124,0.11610708,0.15815693,0.04717277,0.09118308,0.05928897,0.32068992,0.00397221,0.00018880,0.00001070,0.00075494,0.00086845,0.00007289,0.00057626,0.00453284,0.00009317,0.00447632,0.55847907,0.43519962,0.00018494,0.00020241,0.02216323,0.00850176,0.00697660,0.01038343,0.00298349,0.00540020,0.00323585,0.00314698,0.04988953,0.03891878,0.00052247,0.00054159,0.00017768,0.00017680,0.00000095,0.25081620,0.00753923,0.00251836,0.00513802,0.00002257,0.00000009,0.00000019,0.00000083,0.00000095,0,-0.06118929498751287,-0.021838105978140964,0.052846945580426075,0.40100759267807007,0.45628058910369873,0,0.40100759267807007,0.45628058910369873,0
00:00:10:28.329,51,0.13814393,0.08763460,0.10716489,0.04610905,0.10836801,0.39313284,0.00653697,0.05920793,0.08744118,0.02986308,0.13709910,0.11285082,0.23258737,0.01080032,0.00152926,0.00010944,0.00101617,0.01294420,0.00027371,0.00802565,0.00519929,0.00011889,0.00227736,0.77958947,0.74429435,0.00019271,0.00018721,0.00635387,0.00434993,0.01205069,0.01946103,0.00171875,0.02237569,0.00030485,0.00651195,0.01574043,0.02231576,0.06757182,0.09432419,0.02391967,0.01901020,0.00000455,0.12297546,0.05175735,0.00492465,0.01269969,0.00021308,0.00000078,0.00000060,0.00000173,0.00000455,0,-0.08428275832291487,-0.02777533343723775,0.051283607785559696,0.4003414511680603,0.4555589556694031,0,0.4003414511680603,0.4555589556694031,0
00:00:10:29.330,51,0.12499077,0.10399147,0.06910398,0.06734854,0.10029125,0.35470644,0.00807606,0.06376702,0.10683170,0.04853182,0.10188526,0.09385950,0.20225316,0.01132621,0.00195706,0.00017699,0.00104624,0.02239011,0.00043220,0.01008385,0.00481269,0.00007122,0.00468179,0.80276442,0.77413023,0.00009889,0.00010098,0.00847675,0.00407399,0.00947918,0.01822504,0.00198794,0.03319061,0.00025979,0.00678984,0.01791815,0.02786471,0.11620136,0.17162719,0.04911137,0.03436475,0.00000564,0.04975767,0.13216001,0.01632476,0.02997887,0.00032929,0.00000092,0.00000081,0.00000222,0.00000564,0,-0.08723358874410728,-0.02941276440362583,0.04989777354535112,0.4014343321323395,0.4548625648021698,0,0.4014343321323395,0.4548625648021698,0
00:00:11:00.331,51,0.11048285,0.09671355,0.09640234,0.04715376,0.10478198,0.30220032,0.00802916,0.03286864,0.08720941,0.03653226,0.11465004,0.10909428,0.18192025,0.01861405,0.00267043,0.00025163,0.00136287,0.03441947,0.00053102,0.01323652,0.00526997,0.00001867,0.01004446,0.74289542,0.67539960,0.00023601,0.00027101,0.00874403,0.00150021,0.01124732,0.02541865,0.00330457,0.04933649,0.00027016,0.00899744,0.01391808,0.01783346,0.29750422,0.39468417,0.14433971,0.07963435,0.00000670,0.02340061,0.16007973,0.02732258,0.06222457,0.00047941,0.00000119,0.00000131,0.00000212,0.00000670,0,-0.0647357564995565,-0.02770680785985424,0.05697826237390394,0.3996909558773041,0.4525611996650696,0,0.3996909558773041,0.4525611996650696,0
00:00:11:01.332,51,0.07637931,0.17132820,0.14733718,0.03379885,0.06270511,0.25438303,0.01332739,0.02172585,0.16301826,0.02245975,0.16533263,0.05941635,0.12143224,0.03034418,0.00329591,0.00031250,0.00191317,0.04851803,0.00061696,0.01472327,0.00647980,0.00001883,0.01156019,0.67136312,0.61108297,0.00008119,0.00010684,0.01658504,0.00176788,0.00363804,0.01838543,0.00299752,0.06575391,0.00017449,0.00676552,0.01320843,0.01592184,0.40866891,0.55567038,0.13969548,0.07207984,0.00000683,0.00888830,0.24573934,0.07338392,0.11064662,0.00060125,0.00000087,0.00000142,0.00000238,0.00000683,0,-0.04479303859817797,-0.016682608551198717,0.05563779414497049,0.3978881537914276,0.45458629727363586,0,0.3978881537914276,0.45458629727363586,0
00:00:11:02.333,51,0.05861012,0.17046560,0.11187977,0.04165256,0.06211812,0.23372746,0.01617024,0.01852974,0.16285104,0.03091571,0.12786050,0.06001936,0.12776771,0.03832727,0.00310372,0.00044667,0.00200625,0.07341410,0.00094249,0.01023993,0.00540963,0.00007343,0.00282225,0.62265962,0.59149712,0.00009775,0.00010144,0.01072035,0.00385044,0.00479957,0.01099191,0.00421950,0.07716525,0.00015897,0.00432534,0.01535137,0.02040565,0.51338637,0.60936296,0.05267516,0.03712893,0.00000545,0.00434118,0.31761172,0.12730362,0.16077296,0.00068370,0.00000083,0.00000114,0.00000184,0.00000545,0,-0.03896434893770436,-0.027652841352662876,0.05626153313062238,0.39836323261260986,0.45451778173446655,0,0.39836323261260986,0.45451778173446655,0
00:00:11:03.334,51,0.02969908,0.21556708,0.17673160,0.02520683,0.04463292,0.13380800,0.02592365,0.00785130,0.20756945,0.02105528,0.18122016,0.04538506,0.07816937,0.06652298,0.00368761,0.00024364,0.00359436,0.07360118,0.00084161,0.01025715,0.00395640,0.00001249,0.01415055,0.39045909,0.33186555,0.00002946,0.00003593,0.03410372,0.00430208,0.00657630,0.01429266,0.00293490,0.05191958,0.00007515,0.00431705,0.01950008,0.02031339,0.55381495,0.60994774,0.03928906,0.02556956,0.00000284,0.00492900,0.20890792,0.11386464,0.15745369,0.00054522,0.00000030,0.00000144,0.00000169,0.00000284,0,-0.021655764148976877,-0.03359818785340693,0.05497111029373659,0.39763790369033813,0.4543827474117279,0,0.39763790369033813,0.4543827474117279,0
00:00:11:04.335,51,0.03262046,0.21524666,0.17139299,0.02688872,0.04412331,0.14869037,0.02186963,0.00953401,0.21274436,0.02282494,0.17049931,0.04521986,0.07478159,0.05517570,0.00375949,0.00042543,0.00240335,0.11449287,0.00209476,0.00623845,0.00131521,0.00005658,0.00377402,0.10429665,0.09146262,0.00001417,0.00001768,0.09084193,0.01865527,0.00287406,0.00501979,0.00280370,0.05321944,0.00004966,0.00242042,0.04551750,0.03648555,0.51445007,0.56015301,0.01034240,0.00806491,0.00000182,0.00177515,0.32777414,0.20823637,0.21083683,0.00051723,0.00000020,0.00000098,0.00000150,0.00000182,0,-0.007861517557427158,-0.040923224802503676,0.06062347430351999,0.3977587819099426,0.4543692171573639,0,0.3977587819099426,0.4543692171573639,0
00:00:11:05.336,51,0.01388463,0.19913638,0.10055587,0.04152037,0.04652661,0.05493449,0.04484671,0.00398193,0.18976018,0.03873459,0.10464332,0.05333063,0.03960814,0.11887601,0.00288173,0.00098437,0.00222350,0.16345717,0.00176483,0.00947751,0.00215847,0.00017472,0.00142951,0.04674941,0.04167883,0.00002947,0.00003588,0.08170018,0.03200782,0.00208876,0.00185455,0.00238790,0.02540784,0.00009453,0.00570390,0.03472533,0.02705202,0.59758943,0.61054265,0.01823589,0.01537186,0.00000153,0.00092055,0.40772647,0.32620716,0.23489623,0.00047395,0.00000028,0.00000089,0.00000200,0.00000153,0,0.017859185538195384,-0.0447412390707585,0.06103563251908771,0.39900240302085876,0.4532662630081177,0,0.39900240302085876,0.4532662630081177,0
00:00:11:06.337,51,0.01336030,0.14842066,0.15394320,0.02380416,0.06038103,0.06968280,0.04817506,0.00485105,0.15201086,0.02594968,0.16068685,0.07440408,0.06069642,0.09832487,0.00244698,0.00049713,0.00499964,0.17839678,0.00157152,0.00492543,0.00176647,0.00011287,0.00151666,0.01535828,0.01317523,0.00011782,0.00014923,0.04957189,0.01263277,0.00199745,0.00287766,0.00378374,0.02412922,0.00014188,0.00409177,0.02856709,0.01877438,0.61202824,0.65776682,0.01049442,0.00658696,0.00000172,0.00090145,0.46898797,0.27905995,0.22772169,0.00040865,0.00000029,0.00000116,0.00000209,0.00000172,0,0.002960282549732238,-0.04484092619358213,0.06264551143704311,0.3984246253967285,0.4508998394012451,0,0.3984246253967285,0.4508998394012451,0
00:00:11:07.338,51,0.01017969,0.16898970,0.16154882,0.02301607,0.05735469,0.05778227,0.06732086,0.00446238,0.17157364,0.02604676,0.16894305,0.06861219,0.06604652,0.11024270,0.00270872,0.00082484,0.00728558,0.25148234,0.00168036,0.00610707,0.00206217,0.00013238,0.00142049,0.01787340,0.02022711,0.00008065,0.00009925,0.07576490,0.03982644,0.00147951,0.00252094,0.00306445,0.02318239,0.00014978,0.00415568,0.02443819,0.02587197,0.68721104,0.70402032,0.00931933,0.00740118,0.00000216,0.00173528,0.36845046,0.31034046,0.19695751,0.00048443,0.00000029,0.00000125,0.00000221,0.00000216,0,0.0025875833931108217,-0.04577351946431225,0.06143883503175438,0.3980649709701538,0.45018741488456726,0,0.3980649709701538,0.45018741488456726,0
00:00:11:08.339,51,0.00802820,0.19047055,0.19409141,0.02002713,0.05413387,0.03557503,0.09108225,0.00252951,0.18585591,0.02313980,0.19822255,0.06925531,0.04361850,0.18542673,0.00252538,0.00055123,0.02301423,0.34223601,0.00128549,0.00719686,0.00284623,0.00001908,0.00674332,0.01690795,0.01811603,0.00044941,0.00057579,0.06407873,0.02445890,0.00236545,0.00410360,0.00307428,0.01368042,0.00026119,0.00789823,0.01338399,0.01729233,0.68036515,0.69613016,0.01324354,0.00907517,0.00000288,0.00070242,0.43214124,0.48366958,0.35371873,0.00059288,0.00000041,0.00000172,0.00000296,0.00000288,0,0.013651833905328477,-0.04206758501490661,0.06235156512316737,0.3962675929069519,0.4501938819885254,0,0.3962675929069519,0.4501938819885254,0
00:00:11:09.340,51,0.00534027,0.18784451,0.14388168,0.03004204,0.05283426,0.02815012,0.12240746,0.00199045,0.19003725,0.02713031,0.14697668,0.06065544,0.03009371,0.20765752,0.00107134,0.00051303,0.03191340,0.40862438,0.00092904,0.00607505,0.00327140,0.00002677,0.00557915,0.00418409,0.00420658,0.00154291,0.00174433,0.02748366,0.01662510,0.00205839,0.00234842,0.00582112,0.01723629,0.00085129,0.01922511,0.01037208,0.01479451,0.54530013,0.53554618,0.01535959,0.01136411,0.00000332,0.00073935,0.35251120,0.50015342,0.40917143,0.00042044,0.00000051,0.00000152,0.00000341,0.00000332,0,0.03248455721537402,-0.045469774154848194,0.06242110303868562,0.3952183425426483,0.4495016634464264,0,0.3952183425426483,0.4495016634464264,0
00:00:11:10.341,51,0.00450609,0.17180547,0.13611165,0.03203675,0.05760588,0.02212090,0.13447975,0.00180248,0.17329127,0.02699760,0.13755125,0.06332581,0.02597524,0.21445122,0.00071395,0.00127905,0.01288722,0.36954573,0.00110350,0.00673436,0.00613669,0.00010818,0.00175930,0.00137980,0.00151277,0.00231526,0.00253427,0.01492753,0.01503285,0.00134367,0.00191248,0.00975303,0.01566064,0.00185741,0.03143211,0.00908354,0.01358680,0.47305298,0.45678949,0.01148916,0.01081996,0.00000276,0.00043364,0.45832828,0.54882205,0.44286096,0.00030922,0.00000081,0.00000140,0.00000339,0.00000276,0,0.023497508774723817,-0.05191363411286364,0.062270749941755556,0.3951074481010437,0.447875440120697,0,0.3951074481010437,0.447875440120697,0
00:00:11:11.342,51,0.00379390,0.19669086,0.17354043,0.02414254,0.05036442,0.01922845,0.15782316,0.00133902,0.20285411,0.02390673,0.16803014,0.05421968,0.01936882,0.27768373,0.00059190,0.00074449,0.03688797,0.45015368,0.00122489,0.00709637,0.00980097,0.00005345,0.00507447,0.00071032,0.00051876,0.00071953,0.00073895,0.02182852,0.01336204,0.00091093,0.00073012,0.00796113,0.02313307,0.00109957,0.01267094,0.00810001,0.00850411,0.33035064,0.34088993,0.00354699,0.00256028,0.00000171,0.00038261,0.46317178,0.53382683,0.47052330,0.00022790,0.00000042,0.00000144,0.00000293,0.00000171,0,0.04322604044271196,-0.050963375262638964,0.06803636366322592,0.39528751373291016,0.4486575722694397,0,0.39528751373291016,0.4486575722694397,0
00:00:11:12.343,51,0.00326186,0.19295079,0.15118098,0.02904361,0.05383235,0.01550645,0.18338189,0.00137409,0.19394144,0.02759840,0.15357965,0.05968352,0.01695149,0.28168726,0.00071450,0.00086434,0.04377649,0.50567234,0.00080214,0.00894411,0.00861555,0.00005335,0.00448264,0.00182721,0.00184290,0.00235485,0.00271506,0.02239094,0.01884660,0.00132058,0.00206403,0.00718682,0.01257848,0.00169945,0.03372264,0.00726497,0.01179337,0.45745486,0.42876545,0.00994220,0.00856850,0.00000333,0.00042111,0.46065244,0.59589803,0.48003772,0.00034043,0.00000075,0.00000205,0.00000512,0.00000333,0,0.058848825444363526,-0.05695876186873069,0.06557769941394366,0.39463379979133606,0.44578254222869873,0,0.39463379979133606,0.44578254222869873,0
00:00:11:13.344,51,0.00326961,0.16164953,0.13775039,0.03162377,0.06542786,0.01798212,0.18465178,0.00148795,0.16601709,0.03185195,0.13883966,0.07195436,0.01779401,0.26791993,0.00076468,0.00098633,0.04782477,0.48291975,0.00089535,0.01020340,0.01185530,0.00005573,0.00521493,0.00135778,0.00142688,0.00158980,0.00177616,0.01981007,0.02215347,0.00094850,0.00165292,0.00753662,0.01402292,0.00159868,0.03188511,0.00644341,0.01184203,0.50100636,0.46464217,0.00699359,0.00633938,0.00000290,0.00025484,0.53848845,0.63480073,0.55149776,0.00035435,0.00000074,0.00000199,0.00000542,0.00000290,0,0.04222862638665672,-0.05600258203812708,0.05971473136371753,0.3951622247695923,0.4432673454284668,0,0.3951622247695923,0.4432673454284668,0
00:00:11:14.345,51,0.00354444,0.17813244,0.10558904,0.04266808,0.06388592,0.02095643,0.18640612,0.00125635,0.17526466,0.04560381,0.10079665,0.07639142,0.01535526,0.31359866,0.00091579,0.00082366,0.07497859,0.50187397,0.00087148,0.00756078,0.01013494,0.00004491,0.00496775,0.00134061,0.00157867,0.00285975,0.00383725,0.01989345,0.01947885,0.00088305,0.00342863,0.00766574,0.01729616,0.00165981,0.02638758,0.00515343,0.01188552,0.57975161,0.53138065,0.00582390,0.00485974,0.00000365,0.00018164,0.62254560,0.63915741,0.56558180,0.00040199,0.00000078,0.00000278,0.00000728,0.00000365,0,0.04097792634534532,-0.057329386411291025,0.06346003807297666,0.3966398537158966,0.4419878125190735,0,0.3966398537158966,0.4419878125190735,0
00:00:11:15.346,51,0.00273757,0.18182898,0.10829975,0.04159899,0.06363880,0.01768538,0.22069639,0.00099651,0.17939644,0.04237447,0.10684028,0.07247213,0.01191494,0.34572002,0.00071589,0.00090132,0.08381760,0.53436255,0.00084080,0.00870867,0.01655827,0.00005860,0.00488364,0.00081847,0.00089603,0.00235820,0.00304252,0.01780974,0.01936467,0.00066887,0.00241452,0.00734606,0.01644460,0.00173837,0.02617501,0.00427382,0.00939536,0.51596308,0.48729318,0.00455761,0.00390910,0.00000327,0.00015185,0.66028035,0.66436732,0.61625665,0.00034997,0.00000074,0.00000277,0.00000764,0.00000327,0,0.05353646106295751,-0.059829262862056996,0.060925531787742696,0.3959907293319702,0.4408171772956848,0,0.3959907293319702,0.4408171772956848,0
00:00:11:16.347,51,0.00241674,0.18538059,0.11070792,0.03928554,0.06113943,0.01515641,0.23312700,0.00089878,0.18466508,0.04193572,0.10782592,0.06767832,0.01010440,0.35220903,0.00063976,0.00080857,0.08406796,0.54315442,0.00093405,0.01030865,0.02018856,0.00007042,0.00397669,0.00084017,0.00090019,0.00273947,0.00323913,0.01392067,0.01899376,0.00081140,0.00207974,0.00650191,0.01132730,0.00175386,0.02781710,0.00380202,0.00852941,0.43758568,0.40663671,0.00409119,0.00381774,0.00000285,0.00015445,0.64818954,0.65044010,0.59513175,0.00030545,0.00000076,0.00000242,0.00000681,0.00000285,0,0.060460174198611556,-0.05748473262233227,0.061891040883367124,0.39633092284202576,0.44009560346603394,0,0.39633092284202576,0.44009560346603394,0
00:00:11:17.348,51,0.00240286,0.17436340,0.11168210,0.03960857,0.06864132,0.01536777,0.23947038,0.00086878,0.16800454,0.04429433,0.10480641,0.07890216,0.01098250,0.37210888,0.00079119,0.00092286,0.07820269,0.52325678,0.00082729,0.01015149,0.01820898,0.00005383,0.00518083,0.00099774,0.00103562,0.00201896,0.00240735,0.01682587,0.01994881,0.00079653,0.00199749,0.00636784,0.01381197,0.00137856,0.02322533,0.00391361,0.00864806,0.52845222,0.49395090,0.00426771,0.00380412,0.00000271,0.00013797,0.66657746,0.67781693,0.61794561,0.00033528,0.00000070,0.00000257,0.00000696,0.00000271,0,0.06563036023791781,-0.05828799811170588,0.06420595612382264,0.39652663469314575,0.44049009680747986,0,0.39652663469314575,0.44049009680747986,0
00:00:11:18.349,51,0.00247987,0.18394612,0.11386699,0.03783038,0.06663740,0.01582055,0.22806956,0.00079873,0.17258552,0.04549191,0.10368154,0.07572463,0.01039646,0.39817891,0.00064808,0.00124960,0.07172408,0.55199921,0.00083240,0.01086398,0.02822944,0.00005472,0.00599270,0.00050284,0.00046463,0.00154675,0.00194384,0.01897947,0.01633617,0.00051863,0.00158139,0.00644168,0.01584065,0.00144322,0.02121988,0.00323704,0.00648780,0.45653209,0.44758558,0.00301830,0.00237504,0.00000237,0.00014287,0.68035424,0.66783077,0.60355496,0.00026604,0.00000067,0.00000259,0.00000709,0.00000237,0,0.05331925334163586,-0.05708256417283133,0.06545480648282047,0.397047221660614,0.4404231905937195,0,0.397047221660614,0.4404231905937195,0
00:00:11:19.350,51,0.00196989,0.19540389,0.11585263,0.03640302,0.05883839,0.01502367,0.26402238,0.00079658,0.19234435,0.04064119,0.11058870,0.06360980,0.00897127,0.37862197,0.00058822,0.00105021,0.07863835,0.56230235,0.00090775,0.00945746,0.02087217,0.00007046,0.00480583,0.00070101,0.00059643,0.00223611,0.00246137,0.01789143,0.01781791,0.00088029,0.00140411,0.00706115,0.01450473,0.00196383,0.02625407,0.00496681,0.00805959,0.42307380,0.40330771,0.00351870,0.00290478,0.00000267,0.00015853,0.67318040,0.65198648,0.57922167,0.00030835,0.00000073,0.00000283,0.00000721,0.00000267,0,0.05180599866965688,-0.06071709656465518,0.06219349304605316,0.39670395851135254,0.4412152171134949,0,0.39670395851135254,0.4412152171134949,0
00:00:11:20.351,51,0.00177532,0.17496002,0.12481239,0.03396432,0.06982090,0.01335064,0.28298631,0.00080573,0.16563936,0.03718942,0.12183523,0.07902073,0.01006384,0.38704881,0.00058754,0.00121105,0.07931564,0.60827160,0.00078785,0.01598824,0.03171221,0.00008930,0.00446642,0.00080798,0.00067487,0.00135401,0.00155695,0.02257317,0.02096258,0.00069504,0.00118040,0.00519431,0.01154336,0.00144170,0.02525176,0.00402622,0.00578402,0.41123828,0.40677586,0.00364473,0.00284208,0.00000251,0.00015506,0.69548577,0.65644842,0.59385812,0.00028936,0.00000075,0.00000271,0.00000728,0.00000251,0,0.04758319072526704,-0.05933170205974813,0.06167341986872628,0.39655062556266785,0.441425621509552,0,0.39655062556266785,0.441425621509552,0
00:00:11:21.352,51,0.00177851,0.17920899,0.10114067,0.04264860,0.06585734,0.01482925,0.28819004,0.00085412,0.18117525,0.04539244,0.09861194,0.06989365,0.00945494,0.36179170,0.00065095,0.00130174,0.06660064,0.56612110,0.00084906,0.01147833,0.02013693,0.00006233,0.00517865,0.00084843,0.00074178,0.00189580,0.00225519,0.02138607,0.01741036,0.00076374,0.00165418,0.00624171,0.01447981,0.00153684,0.02495914,0.00464965,0.00727483,0.44158298,0.43243828,0.00363754,0.00274395,0.00000289,0.00020616,0.63726038,0.62367529,0.55059314,0.00031956,0.00000070,0.00000288,0.00000755,0.00000289,0,0.04985478886223334,-0.06311140699659702,0.06273800757026027,0.39663809537887573,0.44275280833244324,0,0.39663809537887573,0.44275280833244324,0
00:00:11:22.353,51,0.00186166,0.18065411,0.09751452,0.04517036,0.06514732,0.01473633,0.29149505,0.00100057,0.18362707,0.04405170,0.09951364,0.07133631,0.01025584,0.33187276,0.00067134,0.00156684,0.05072960,0.56317765,0.00088037,0.00941478,0.01496291,0.00010769,0.00260008,0.00104903,0.00100141,0.00333386,0.00391967,0.02026191,0.02018880,0.00100522,0.00210233,0.00744732,0.01452682,0.00198279,0.02781891,0.00580735,0.00874006,0.48167801,0.47186512,0.00421404,0.00347399,0.00000360,0.00027475,0.58632040,0.60855162,0.52220595,0.00037727,0.00000082,0.00000303,0.00000792,0.00000360,0,0.05015253285483605,-0.06175331330415352,0.06244196743979613,0.39631617069244385,0.44317373633384705,0,0.39631617069244385,0.44317373633384705,0
00:00:11:23.354,51,0.00164955,0.16897167,0.08707884,0.04873317,0.06965854,0.01458023,0.29439786,0.00076484,0.17176025,0.04963819,0.08748902,0.07073779,0.00828548,0.36739993,0.00048035,0.00164848,0.06520559,0.57566118,0.00092637,0.01111930,0.03387289,0.00007417,0.00558186,0.00031574,0.00026923,0.00141564,0.00168293,0.02132451,0.01739989,0.00040889,0.00109266,0.00854679,0.01768111,0.00218109,0.02464074,0.00395658,0.00672466,0.38322836,0.38214073,0.00227480,0.00173539,0.00000241,0.00021735,0.62588859,0.62683201,0.55533111,0.00024991,0.00000063,0.00000283,0.00000729,0.00000241,0,0.034037339910565026,-0.06087515185925455,0.05974316370127169,0.39689186215400696,0.44304248690605164,0,0.39689186215400696,0.44304248690605164,0
00:00:11:24.355,51,0.00293168,0.16277243,0.08423342,0.05461618,0.07213545,0.02220867,0.21465580,0.00119458,0.16259891,0.04700252,0.09185353,0.08377834,0.01421846,0.30801928,0.00073940,0.00082073,0.09068325,0.56033528,0.00109999,0.00995355,0.01663787,0.00007954,0.00354831,0.00112481,0.00117346,0.00164434,0.00208059,0.02832736,0.02877693,0.00062557,0.00176872,0.00701875,0.01311094,0.00152867,0.02019748,0.00517578,0.00888459,0.50059712,0.48221591,0.00312284,0.00246212,0.00000333,0.00034294,0.52537131,0.58923632,0.51577097,0.00037484,0.00000064,0.00000267,0.00000615,0.00000333,0,0.03755912430108977,-0.05858625408318499,0.06382676860405678,0.39604073762893677,0.4438343048095703,0,0.39604073762893677,0.4438343048095703,0
00:00:11:25.356,51,0.00259377,0.17213023,0.07927880,0.05500011,0.06638824,0.02101727,0.22386110,0.00108215,0.17105530,0.05253190,0.08297472,0.07596603,0.01450813,0.31633994,0.00059195,0.00075161,0.09971589,0.60465837,0.00089948,0.00959547,0.01925201,0.00003753,0.00775239,0.00078526,0.00081024,0.00155795,0.00204523,0.02694713,0.02442574,0.00052009,0.00186607,0.00584160,0.01351650,0.00139682,0.02075896,0.00367356,0.00744412,0.40273073,0.39536199,0.00297011,0.00224943,0.00000309,0.00047153,0.51675558,0.53962731,0.46463451,0.00030361,0.00000054,0.00000254,0.00000623,0.00000309,0,0.026869598436666253,-0.060401660139379844,0.0665316386309636,0.39589187502861023,0.4450359046459198,0,0.39589187502861023,0.4450359046459198,0
00:00:11:26.357,51,0.00285358,0.17328542,0.11520951,0.04175900,0.06507225,0.02183177,0.22080624,0.00142626,0.17857437,0.03244018,0.12211604,0.07268377,0.01602993,0.28003114,0.00062094,0.00184419,0.03239452,0.57806343,0.00074032,0.00897271,0.01614541,0.00006152,0.00399222,0.00104332,0.00110536,0.00300091,0.00378471,0.02333343,0.01929963,0.00090134,0.00238560,0.00580929,0.01074916,0.00164200,0.02738390,0.00445932,0.00740870,0.48807114,0.49197868,0.00590868,0.00468714,0.00000349,0.00052995,0.48695409,0.51821840,0.46731904,0.00036401,0.00000075,0.00000223,0.00000675,0.00000349,0,0.03161912763625042,-0.0639083173619769,0.07091230388507216,0.3946218490600586,0.4469808042049408,0,0.3946218490600586,0.4469808042049408,0
00:00:11:27.358,51,0.00267450,0.16832639,0.12413489,0.03473989,0.06772810,0.01819312,0.22041705,0.00110397,0.16267373,0.03011302,0.13011122,0.07857344,0.01479120,0.31357425,0.00047253,0.00333578,0.02360300,0.57765889,0.00075272,0.01219999,0.04001188,0.00015380,0.00217750,0.00037054,0.00036567,0.00249537,0.00276151,0.01600906,0.01650355,0.00064264,0.00120834,0.00657750,0.01020630,0.00224705,0.03311515,0.00318895,0.00513952,0.43333584,0.45785773,0.00440344,0.00382708,0.00000262,0.00046631,0.53025746,0.53600287,0.43526304,0.00025099,0.00000091,0.00000199,0.00000653,0.00000262,0,0.02185124801735408,-0.05912443279063449,0.066296683428849,0.3950594961643219,0.44635915756225586,0,0.3950594961643219,0.44635915756225586,0
00:00:11:28.359,51,0.00227057,0.15987790,0.10973743,0.03950470,0.07442962,0.01781219,0.24253073,0.00108413,0.15862870,0.03686512,0.11381050,0.08124755,0.01307866,0.31280684,0.00045001,0.00152245,0.06364070,0.61020470,0.00090223,0.01285753,0.04395722,0.00009312,0.00398858,0.00028288,0.00028096,0.00116071,0.00140161,0.01904565,0.02031260,0.00033266,0.00105195,0.00580699,0.01415158,0.00145577,0.01982976,0.00241244,0.00484559,0.34732661,0.36854923,0.00186000,0.00149274,0.00000226,0.00038144,0.54249108,0.53645480,0.47531104,0.00021260,0.00000056,0.00000202,0.00000592,0.00000226,0,0.023666142437637424,-0.05547630003367315,0.06702527185139712,0.39541152119636536,0.447467178106308,0,0.39541152119636536,0.447467178106308,0
00:00:11:29.360,51,0.00191868,0.14657913,0.13374881,0.03224397,0.08171183,0.01551912,0.27153164,0.00070591,0.14233281,0.03062088,0.13615903,0.09141763,0.00986618,0.37019369,0.00052968,0.00194520,0.05190913,0.59142131,0.00088010,0.01108143,0.03538718,0.00008670,0.00449067,0.00041562,0.00039929,0.00104886,0.00122868,0.02415697,0.02169653,0.00040579,0.00108160,0.00608576,0.01553387,0.00134548,0.01758138,0.00324257,0.00566837,0.42241558,0.46448249,0.00212290,0.00164161,0.00000228,0.00038673,0.53936028,0.57825023,0.49701244,0.00025641,0.00000052,0.00000254,0.00000638,0.00000228,0,0.022691722746967635,-0.059636526096873956,0.06311236441533982,0.39594101905822754,0.4459190368652344,0,0.39594101905822754,0.4459190368652344,0
00:00:12:00.361,51,0.00192885,0.15208670,0.12135880,0.03689761,0.07699414,0.01604668,0.27196267,0.00082244,0.15814297,0.03432309,0.12343339,0.08313689,0.00972414,0.34924874,0.00068249,0.00148596,0.05425264,0.56863296,0.00088399,0.01331040,0.02210122,0.00007421,0.00430643,0.00100773,0.00105653,0.00149365,0.00169844,0.02348400,0.02433534,0.00069731,0.00153402,0.00572902,0.01285856,0.00118602,0.02206477,0.00423788,0.00770819,0.48402762,0.49960431,0.00337629,0.00270363,0.00000286,0.00029667,0.50013494,0.57628179,0.56632996,0.00033978,0.00000061,0.00000260,0.00000659,0.00000286,0,0.0289339842348737,-0.06216350510452336,0.06098947011276812,0.3958365321159363,0.44588249921798706,0,0.3958365321159363,0.44588249921798706,0
00:00:12:01.362,51,0.00125021,0.14174506,0.10546698,0.04033690,0.08262180,0.01197916,0.35044581,0.00042951,0.14225522,0.03964166,0.10788743,0.09043449,0.00563490,0.45095867,0.00065468,0.00264136,0.03519144,0.54735136,0.00086954,0.01241966,0.02392570,0.00023150,0.00174983,0.00085265,0.00086238,0.00151714,0.00168393,0.02159421,0.02592346,0.00065649,0.00143698,0.00696698,0.01477553,0.00162346,0.02533865,0.00555033,0.00834346,0.52292901,0.54842758,0.00387411,0.00334384,0.00000290,0.00021639,0.57368279,0.63836944,0.60485619,0.00036476,0.00000072,0.00000327,0.00000840,0.00000290,0,0.03871943996728474,-0.0561344592791403,0.061981704215346545,0.3964807987213135,0.4448961019515991,0,0.3964807987213135,0.4448961019515991,0
00:00:12:02.363,51,0.00191451,0.16638546,0.11919841,0.03682872,0.06711014,0.01631988,0.27616391,0.00070630,0.17350192,0.03624943,0.12056661,0.07029820,0.00684718,0.37847427,0.00065411,0.00218991,0.02968279,0.53003931,0.00084557,0.00975009,0.01705201,0.00017316,0.00187109,0.00103161,0.00100576,0.00307772,0.00334029,0.01418683,0.01949705,0.00115376,0.00200101,0.00709421,0.01272192,0.00185595,0.02777106,0.00611928,0.00991224,0.50443375,0.49575752,0.00496095,0.00429925,0.00000310,0.00013251,0.62401938,0.66986370,0.64888078,0.00038497,0.00000089,0.00000270,0.00000853,0.00000310,0,0.05373334911591718,-0.050297509712463155,0.056807367640275344,0.3966902196407318,0.44239509105682373,0,0.3966902196407318,0.44239509105682373,0
00:00:12:03.364,51,0.00169650,0.20403276,0.12796336,0.03495394,0.05899452,0.01445190,0.32422164,0.00054958,0.20515209,0.03651643,0.12737058,0.06674912,0.00490196,0.44056267,0.00106259,0.00135577,0.06244880,0.60055190,0.00068716,0.01016986,0.01118489,0.00008673,0.00250099,0.00406853,0.00517669,0.00866889,0.01198712,0.03132764,0.03551116,0.00154906,0.00704886,0.00620469,0.00878446,0.00225771,0.03995875,0.00657029,0.01324091,0.67638779,0.66036958,0.01234530,0.01063909,0.00000636,0.00016133,0.60649472,0.70025480,0.68449104,0.00074146,0.00000117,0.00000499,0.00001332,0.00000636,0,0.059819501326106445,-0.04763698983622937,0.055769367413692296,0.3969299793243408,0.4399007260799408,0,0.3969299793243408,0.4399007260799408,0
00:00:12:04.365,51,0.00168032,0.20772505,0.12192476,0.03757262,0.05791220,0.01344563,0.32183275,0.00068485,0.21436125,0.03967969,0.11796789,0.05888073,0.00505534,0.40893242,0.00060915,0.00132520,0.09333182,0.62878764,0.00077861,0.01119365,0.02666350,0.00017875,0.00230811,0.00071372,0.00076531,0.00255130,0.00376527,0.02567626,0.02642701,0.00044157,0.00298251,0.00872408,0.01420224,0.00250599,0.02618578,0.00498326,0.00983696,0.53479570,0.53147650,0.00404225,0.00307276,0.00000397,0.00008676,0.71278334,0.76354629,0.76095718,0.00038407,0.00000087,0.00000476,0.00001306,0.00000397,0,0.0848908701646167,-0.04840347012239194,0.05810876931823447,0.39729011058807373,0.43654489517211914,0,0.39729011058807373,0.43654489517211914,0
00:00:12:05.366,51,0.00151371,0.26116097,0.14184071,0.03184165,0.04516680,0.00993184,0.35407838,0.00076119,0.25953230,0.03508791,0.13538940,0.04837624,0.00468534,0.40547258,0.00076294,0.00152445,0.06439427,0.61411172,0.00081273,0.01123298,0.01561722,0.00019822,0.00149119,0.00168531,0.00230042,0.00971839,0.01413889,0.02360848,0.03257274,0.00100869,0.00663701,0.00968985,0.00984911,0.00412876,0.04855655,0.00691469,0.01707138,0.58326912,0.54671943,0.00946831,0.00907769,0.00000584,0.00007522,0.72244114,0.80136442,0.77580369,0.00052854,0.00000149,0.00000559,0.00001401,0.00000584,0,0.09869522720919524,-0.048582104573972176,0.057205532362255916,0.39701443910598755,0.4353492259979248,0,0.39701443910598755,0.4353492259979248,0
00:00:12:06.367,51,0.00125376,0.32698780,0.11590613,0.03892479,0.03819589,0.00858663,0.40465522,0.00050913,0.31049260,0.05646593,0.09205355,0.03850781,0.00351507,0.51802593,0.00104249,0.00141087,0.10193091,0.60878527,0.00069618,0.01134276,0.01892460,0.00008531,0.00418905,0.00159756,0.00218099,0.00373314,0.00693181,0.04542095,0.03739599,0.00045079,0.00811408,0.00977045,0.01505128,0.00337498,0.03727666,0.00640150,0.01923216,0.74735671,0.71074367,0.01141487,0.00953169,0.00000606,0.00004115,0.83830416,0.87751144,0.86458516,0.00063034,0.00000118,0.00000931,0.00001871,0.00000606,0,0.10498674796327474,-0.04526630318186078,0.05808787626104501,0.39797526597976685,0.43276864290237427,0,0.39797526597976685,0.43276864290237427,0
00:00:12:07.368,51,0.00243255,0.32489100,0.07564594,0.06639135,0.03690770,0.01360159,0.25324929,0.00054221,0.30556425,0.08270333,0.05455645,0.03953056,0.00371040,0.53997231,0.00082196,0.00151077,0.08186245,0.66024929,0.00082770,0.01336900,0.02172345,0.00003714,0.00834780,0.00176724,0.00173560,0.00708642,0.01083464,0.02969052,0.02922423,0.00108211,0.00564761,0.00762822,0.01012475,0.00285980,0.03097087,0.00538668,0.01371663,0.62479329,0.55602932,0.00652506,0.00477899,0.00000469,0.00002456,0.88971096,0.89077121,0.89927989,0.00053766,0.00000148,0.00000695,0.00001434,0.00000469,0,0.1323920533665552,-0.06130966685913814,0.0640761094962456,0.39799511432647705,0.43052059412002563,0,0.39799511432647705,0.43052059412002563,0
00:00:12:08.369,51,0.00172910,0.26806745,0.09876582,0.04794184,0.04723517,0.01172639,0.31455329,0.00084927,0.26968241,0.05851774,0.08483960,0.04737733,0.00326578,0.46898615,0.00082890,0.00076919,0.16963062,0.65896499,0.00079660,0.01071690,0.01701830,0.00006401,0.00482303,0.00295241,0.00299636,0.01955548,0.02874291,0.03277589,0.03647666,0.00166824,0.00814529,0.00978453,0.00814908,0.00599833,0.06892590,0.00785947,0.01690824,0.64263278,0.58107615,0.01360604,0.01078866,0.00000756,0.00002252,0.90242493,0.91058987,0.91090780,0.00082220,0.00000226,0.00000891,0.00002238,0.00000756,0,0.13975847737350577,-0.07328148379954753,0.05686306570843041,0.3969884514808655,0.4292772114276886,0,0.3969884514808655,0.4292772114276886,0
00:00:12:09.370,51,0.00159691,0.27277392,0.11377467,0.03942396,0.04198711,0.00978067,0.29650813,0.00056680,0.26139107,0.03942251,0.11403711,0.04565628,0.00352157,0.53255224,0.00069248,0.00056729,0.16514611,0.56834829,0.00087497,0.00896305,0.01640447,0.00006992,0.00499868,0.00159116,0.00162705,0.01004519,0.01636573,0.03193556,0.02867186,0.00090126,0.00720397,0.01747428,0.00988266,0.00826721,0.07363571,0.01021410,0.02259142,0.61399722,0.57614899,0.01403900,0.01020942,0.00000726,0.00003288,0.86402035,0.87035131,0.87549996,0.00060933,0.00000219,0.00000955,0.00001579,0.00000726,0,0.1526484089072607,-0.0638901387629526,0.0610723243292132,0.3958296775817871,0.43081992864608765,0,0.3958296775817871,0.43081992864608765,0
00:00:12:10.371,51,0.00171727,0.29771549,0.07780719,0.06074081,0.04081712,0.01167098,0.30154452,0.00059562,0.28859276,0.06332179,0.07210565,0.04343203,0.00353265,0.53939050,0.00084107,0.00044204,0.21484812,0.61706257,0.00084606,0.00755932,0.01403734,0.00003322,0.00799662,0.00235201,0.00229673,0.01016654,0.01728744,0.04397316,0.03326706,0.00101735,0.00819226,0.01242991,0.00980525,0.00551520,0.04653014,0.00843116,0.01777800,0.66171658,0.62021899,0.01257066,0.00838217,0.00000686,0.00003253,0.86800230,0.86578840,0.88689274,0.00074577,0.00000159,0.00000917,0.00001616,0.00000686,0,0.15538585671579713,-0.06563127034690368,0.06302690099690851,0.3964053988456726,0.43120813369750977,0,0.3964053988456726,0.43120813369750977,0
00:00:12:11.372,51,0.00241072,0.30224070,0.11781889,0.04106111,0.04336361,0.01278417,0.24558133,0.00058485,0.26564115,0.04127895,0.10975729,0.05328816,0.00427660,0.55863577,0.00086465,0.00076577,0.16100854,0.61040831,0.00082870,0.00564358,0.01685482,0.00004663,0.00586266,0.00128421,0.00111201,0.01180399,0.01925737,0.03752094,0.02576803,0.00104801,0.00641870,0.01381239,0.01500508,0.00451186,0.02913634,0.00732747,0.01346807,0.69622910,0.66821694,0.00631560,0.00391091,0.00000636,0.00006473,0.81758779,0.83279741,0.81292361,0.00063705,0.00000151,0.00000895,0.00001610,0.00000636,0,0.12944975481124335,-0.06871796606117861,0.06629386287061512,0.3961649537086487,0.430788516998291,0,0.3961649537086487,0.430788516998291,0
00:00:12:12.373,51,0.00166725,0.35357061,0.10806284,0.03980509,0.03274466,0.00810594,0.30887341,0.00044544,0.30236390,0.04830023,0.09214582,0.04484801,0.00477826,0.59056264,0.00087789,0.00109059,0.14058560,0.56091511,0.00086103,0.00574731,0.02070447,0.00013295,0.00223989,0.00076662,0.00080841,0.01251051,0.02079492,0.03033231,0.02756645,0.00066024,0.00689544,0.02017471,0.01678399,0.00689838,0.04411178,0.00709907,0.01532170,0.69482422,0.69480658,0.00579169,0.00429525,0.00000691,0.00013309,0.76620018,0.77421379,0.67320943,0.00051057,0.00000196,0.00001128,0.00001675,0.00000691,0,0.1148144481175714,-0.06292976831028406,0.06610461688753351,0.3977675437927246,0.43203532695770264,0,0.3977675437927246,0.43203532695770264,0
00:00:12:13.374,51,0.00148260,0.34389928,0.13612004,0.03136356,0.03404146,0.00674245,0.32985300,0.00040682,0.28761858,0.03760975,0.11972689,0.04759863,0.00438353,0.59463763,0.00086193,0.00130837,0.14623964,0.57105291,0.00076719,0.00632669,0.02338966,0.00011578,0.00265249,0.00061336,0.00073342,0.01086690,0.01947636,0.03492963,0.02927510,0.00044182,0.00780131,0.02197454,0.01817279,0.00740419,0.04977891,0.00576910,0.01506365,0.70394832,0.70824325,0.00589093,0.00436039,0.00000756,0.00024655,0.70762771,0.73602045,0.57644796,0.00046806,0.00000187,0.00001288,0.00001720,0.00000756,0,0.10608482782131114,-0.06513417451061732,0.06316081703715273,0.39752042293548584,0.43215492367744446,0,0.39752042293548584,0.43215492367744446,0
00:00:12:14.375,51,0.00157337,0.26154375,0.11650299,0.03588728,0.04480542,0.00866573,0.30014375,0.00042652,0.23329064,0.03749284,0.11459719,0.05755756,0.00404393,0.55728757,0.00082356,0.00131962,0.10482298,0.49282843,0.00074729,0.00586682,0.01884472,0.00015206,0.00208627,0.00068896,0.00073246,0.00668412,0.01103902,0.03656603,0.03421408,0.00044360,0.00480781,0.02707401,0.01758328,0.00812709,0.04875198,0.00873498,0.01833568,0.76992494,0.75988603,0.00809599,0.00552792,0.00000768,0.00035401,0.59987569,0.68317354,0.57854295,0.00054088,0.00000159,0.00000990,0.00001537,0.00000768,0,0.1303353678627667,-0.05716353589493806,0.06591025542074246,0.3967428505420685,0.4324989318847656,0,0.3967428505420685,0.4324989318847656,0
00:00:12:15.376,51,0.00123199,0.25566944,0.16022240,0.02368965,0.04121862,0.00509732,0.32811549,0.00046515,0.21503995,0.02531801,0.16007173,0.05449427,0.00419541,0.52911347,0.00063636,0.00170136,0.05742287,0.43563658,0.00062973,0.00581670,0.01882905,0.00015709,0.00213163,0.00055820,0.00071525,0.01741000,0.02630895,0.01907566,0.02929134,0.00060785,0.00633764,0.03962945,0.01297433,0.01811496,0.12916608,0.00852241,0.02744342,0.69246256,0.65019286,0.01682487,0.01469775,0.00000852,0.00044494,0.60046065,0.69948161,0.53676987,0.00044094,0.00000269,0.00000895,0.00001455,0.00000852,0,0.13412781380810246,-0.06190351072583933,0.06488319124513822,0.3958205580711365,0.4315932095050812,0,0.3958205580711365,0.4315932095050812,0
00:00:12:16.377,51,0.00135041,0.21562482,0.12836474,0.02968108,0.04869425,0.00605392,0.29633242,0.00040753,0.18488570,0.03095783,0.12976111,0.06462511,0.00456773,0.53486609,0.00050120,0.00196312,0.03849684,0.39227474,0.00080757,0.00377291,0.01656215,0.00013523,0.00232088,0.00024582,0.00033765,0.01425313,0.02205897,0.01404147,0.02541735,0.00036929,0.00569941,0.05844503,0.01961788,0.02327598,0.09679443,0.00765439,0.03519231,0.59847701,0.55792987,0.00887611,0.00808905,0.00000647,0.00039480,0.62235701,0.67521048,0.52416778,0.00033767,0.00000225,0.00000739,0.00001032,0.00000647,0,0.12837365105929008,-0.057552952270805126,0.06707607376305384,0.39597851037979126,0.4313775300979614,0,0.39597851037979126,0.4313775300979614,0
00:00:12:17.378,51,0.00123248,0.24887189,0.12034205,0.03176539,0.04137167,0.00589367,0.32914755,0.00043800,0.22088723,0.03332531,0.12145710,0.05168045,0.00353130,0.52313828,0.00058576,0.00150582,0.05194003,0.40254313,0.00066402,0.00392446,0.01433640,0.00014734,0.00213129,0.00040395,0.00061437,0.01564377,0.02611270,0.01880252,0.03157045,0.00038009,0.00829822,0.05294221,0.01815978,0.02302754,0.12667687,0.00821551,0.03639908,0.65330911,0.62404221,0.01498672,0.01373772,0.00000834,0.00042329,0.60099602,0.66754299,0.52443779,0.00042685,0.00000225,0.00000907,0.00001381,0.00000834,0,0.14221792869410638,-0.05954804620484015,0.06562226779481899,0.3965577483177185,0.43192389607429504,0,0.3965577483177185,0.43192389607429504,0
00:00:12:18.379,51,0.00129475,0.19010688,0.18141206,0.02277059,0.05422123,0.00569200,0.30987912,0.00052447,0.17182998,0.02031616,0.18353456,0.06876114,0.00368253,0.48783615,0.00046159,0.00149942,0.03836015,0.41228667,0.00062960,0.00389505,0.01137350,0.00024537,0.00109840,0.00066160,0.00095371,0.04382061,0.05586818,0.01071362,0.03513122,0.00099901,0.00577843,0.04480151,0.00983241,0.03484099,0.19602075,0.00913654,0.03931972,0.61051273,0.52767491,0.03077042,0.03372811,0.00000866,0.00062215,0.55941367,0.60026670,0.47582445,0.00046034,0.00000327,0.00000573,0.00001245,0.00000866,0,0.142469082025253,-0.06375692646124291,0.060962044238185756,0.3953103721141815,0.43117600679397583,0,0.3953103721141815,0.43117600679397583,0
00:00:12:19.380,51,0.00141816,0.24032228,0.13103534,0.02853354,0.03713202,0.00755223,0.27868387,0.00060591,0.22562540,0.02807522,0.13440329,0.04234952,0.00510197,0.41238621,0.00021831,0.00131380,0.01756147,0.26507655,0.00071796,0.00150377,0.01535370,0.00017292,0.00232003,0.00003878,0.00004961,0.00923134,0.01279071,0.00495207,0.01035455,0.00020328,0.00364053,0.14067899,0.04473205,0.05416199,0.13674028,0.00820354,0.04259306,0.35718155,0.35066408,0.01028022,0.01175991,0.00000374,0.00032466,0.65105838,0.68247914,0.54539537,0.00021012,0.00000170,0.00000509,0.00000681,0.00000374,0,0.1139383730492461,-0.06483089339905344,0.0539924102010007,0.3965091407299042,0.43097424507141113,0,0.3965091407299042,0.43097424507141113,0
00:00:12:20.381,51,0.00146151,0.22881304,0.09045787,0.04395604,0.03731599,0.00760676,0.25797147,0.00053792,0.22849746,0.03501023,0.10577422,0.04106694,0.00349220,0.42457503,0.00013135,0.00115527,0.01295029,0.25610793,0.00084411,0.00259947,0.02250100,0.00053007,0.00105180,0.00003492,0.00005745,0.00740331,0.00871099,0.00198509,0.01253167,0.00018093,0.00239790,0.12672549,0.02457547,0.08102061,0.25215948,0.00614121,0.04950996,0.21937822,0.19694002,0.01570277,0.03067286,0.00000277,0.00027756,0.63428628,0.66358554,0.59077907,0.00015264,0.00000207,0.00000351,0.00000504,0.00000277,0,0.12258180792845524,-0.06530944863482634,0.060556699860593796,0.39668428897857666,0.43284326791763306,0,0.39668428897857666,0.43284326791763306,0
00:00:12:21.382,51,0.00120720,0.31284434,0.15374383,0.02249924,0.02827644,0.00600802,0.31937742,0.00052027,0.30448624,0.02827187,0.15303865,0.02658784,0.00311854,0.45921832,0.00025652,0.00158627,0.01885753,0.26730663,0.00065817,0.00295226,0.01909191,0.00022732,0.00217585,0.00006880,0.00008784,0.00960051,0.01168452,0.00442534,0.01288539,0.00027812,0.00272619,0.10589105,0.02776337,0.05224803,0.18980443,0.00829077,0.04189700,0.37282696,0.35060635,0.01657569,0.02082237,0.00000352,0.00005946,0.81117386,0.80456644,0.80302227,0.00024047,0.00000232,0.00000504,0.00000831,0.00000352,0,0.14859193030891227,-0.060895118874637034,0.05489639125598776,0.39713990688323975,0.43220388889312744,0,0.39713990688323975,0.43220388889312744,0
00:00:12:22.383,51,0.00177971,0.29448432,0.10572074,0.03782587,0.03567092,0.00908566,0.27173957,0.00054240,0.26161367,0.04123941,0.10015713,0.04237292,0.00615021,0.49933603,0.00049924,0.00166933,0.03680381,0.37424362,0.00110186,0.00204198,0.01072469,0.00006308,0.00367042,0.00017499,0.00022254,0.02708131,0.04176852,0.00922143,0.01838911,0.00047367,0.00670195,0.07239369,0.03182399,0.02339290,0.05444051,0.00721857,0.03907693,0.53202546,0.47066763,0.00494783,0.00442816,0.00000592,0.00014405,0.71960068,0.75392294,0.68367034,0.00036128,0.00000211,0.00000666,0.00000868,0.00000592,0,0.1381956270191718,-0.063177529438388,0.06501115750831737,0.39773523807525635,0.43081605434417725,0,0.39773523807525635,0.43081605434417725,0
00:00:12:23.384,51,0.00142696,0.29439786,0.18573976,0.01994453,0.03717580,0.00633640,0.31052315,0.00051810,0.25444195,0.02404986,0.17591909,0.04536950,0.00533637,0.53985381,0.00046934,0.00179275,0.05797711,0.43321526,0.00093485,0.00327046,0.02220095,0.00012141,0.00276374,0.00012287,0.00013854,0.01492087,0.02354176,0.01314920,0.01780563,0.00030944,0.00467111,0.06200275,0.02927797,0.02051654,0.06060182,0.00624478,0.02413564,0.52444875,0.48761576,0.00493180,0.00394486,0.00000536,0.00006771,0.80477875,0.82925326,0.77321476,0.00030080,0.00000232,0.00000770,0.00001091,0.00000536,0,0.1271453430039957,-0.06354746103499756,0.061588051369900775,0.3974143862724304,0.4302343726158142,0,0.3974143862724304,0.4302343726158142,0
00:00:12:24.385,51,0.00145082,0.29884231,0.21650454,0.01520522,0.03153668,0.00619890,0.28384593,0.00036282,0.26939225,0.02025440,0.20504288,0.03729517,0.00456776,0.55863589,0.00035696,0.00122312,0.04587833,0.33579665,0.00107636,0.00244857,0.02295408,0.00010121,0.00378037,0.00006874,0.00006335,0.00761853,0.00975986,0.00797523,0.01213546,0.00029737,0.00203304,0.07314896,0.03573276,0.01984114,0.04875916,0.00710934,0.02470930,0.39677465,0.37619299,0.00349700,0.00270487,0.00000319,0.00007319,0.78292131,0.81890255,0.75557077,0.00021822,0.00000154,0.00000533,0.00000666,0.00000319,0,0.12825659434095227,-0.05637706341705776,0.0627528825835411,0.39696696400642395,0.4311666786670685,0,0.39696696400642395,0.4311666786670685,0
00:00:12:25.386,51,0.00132127,0.26026729,0.16611056,0.02074481,0.03620108,0.00449861,0.28337666,0.00056933,0.21925902,0.02706696,0.16126123,0.04942938,0.00726846,0.46804672,0.00025778,0.00237991,0.02884040,0.35855976,0.00081508,0.00307064,0.04720607,0.00021589,0.00248190,0.00002786,0.00003135,0.00816949,0.00941607,0.00537912,0.01955199,0.00017410,0.00136796,0.09217257,0.02766617,0.04471331,0.11721438,0.00404282,0.02339735,0.34428588,0.31122375,0.00519585,0.00675760,0.00000285,0.00044259,0.69649494,0.77403480,0.43061948,0.00014901,0.00000214,0.00000454,0.00000643,0.00000285,0,0.11483236426927708,-0.07193116207742696,0.06325185807434308,0.39828380942344666,0.42956188321113586,0,0.39828380942344666,0.42956188321113586,0
00:00:12:26.387,51,0.00130314,0.26731455,0.17683668,0.01996355,0.03838032,0.00472154,0.30394274,0.00040089,0.21748061,0.02484521,0.16908269,0.05351559,0.00608080,0.53654528,0.00036870,0.00323953,0.02933121,0.38905010,0.00092784,0.00356537,0.04128258,0.00012843,0.00306079,0.00004407,0.00005665,0.01433246,0.02013233,0.00703643,0.01976094,0.00019163,0.00296427,0.08055529,0.02702942,0.03187144,0.08131199,0.00365816,0.02482868,0.46338078,0.40616664,0.00377320,0.00436947,0.00000406,0.00036039,0.70557201,0.76907682,0.47932100,0.00018227,0.00000240,0.00000612,0.00000767,0.00000406,0,0.1077380839961515,-0.06292865141778547,0.06490949784778723,0.39878296852111816,0.4295172095298767,0,0.39878296852111816,0.4295172095298767,0
00:00:12:27.388,51,0.00151496,0.27060753,0.16806065,0.02137428,0.03713303,0.00540753,0.26700500,0.00045485,0.22168881,0.02645619,0.16208440,0.05335452,0.00762289,0.53566074,0.00035807,0.00276308,0.02512633,0.36455017,0.00088209,0.00376305,0.03027241,0.00016811,0.00185462,0.00007154,0.00008399,0.03047353,0.03908003,0.00649034,0.01672871,0.00037651,0.00305190,0.07915112,0.02087231,0.03636798,0.11737026,0.00465426,0.02326762,0.41035089,0.37254718,0.00598505,0.00698241,0.00000467,0.00022858,0.71820700,0.75869244,0.54000837,0.00020165,0.00000340,0.00000534,0.00000730,0.00000467,0,0.11450117546643566,-0.06458910524191906,0.06973601766291315,0.3989814519882202,0.4300209879875183,0,0.3989814519882202,0.4300209879875183,0
00:00:12:28.389,51,0.00109834,0.26797870,0.15804419,0.02269544,0.04098576,0.00483699,0.35837618,0.00035435,0.21634305,0.03141278,0.13792481,0.05676475,0.00447556,0.58996028,0.00052634,0.00256167,0.03919996,0.42861035,0.00101716,0.00580970,0.03410293,0.00015742,0.00188386,0.00014867,0.00018484,0.03753575,0.05338022,0.00880093,0.01970880,0.00045297,0.00518778,0.04969680,0.01819593,0.01992552,0.07838051,0.00454794,0.02081387,0.52756137,0.46966007,0.00554731,0.00605311,0.00000531,0.00008037,0.83686459,0.83598816,0.71445638,0.00027066,0.00000345,0.00000735,0.00001152,0.00000531,0,0.10875160927900503,-0.05439711751478078,0.06852012570942012,0.39921361207962036,0.4298621714115143,0,0.39921361207962036,0.4298621714115143,0
00:00:12:29.390,51,0.00160217,0.24003123,0.22044227,0.01591515,0.04566013,0.00587962,0.27005053,0.00062989,0.19109623,0.01949496,0.21711905,0.06155138,0.00655649,0.48538187,0.00036136,0.00343436,0.02503737,0.41877019,0.00094916,0.00399788,0.03421664,0.00033899,0.00100021,0.00007917,0.00010594,0.03545088,0.04528633,0.00671977,0.02539465,0.00034016,0.00323691,0.07596944,0.01690087,0.04015328,0.11114415,0.00466881,0.02711735,0.44797507,0.38629237,0.00621746,0.00751451,0.00000512,0.00017522,0.73462665,0.73832810,0.56309277,0.00022675,0.00000392,0.00000496,0.00000905,0.00000512,0,0.1079816713054204,-0.06658665446397356,0.06946934922889272,0.3991306722164154,0.4317600727081299,0,0.3991306722164154,0.4317600727081299,0
00:00:13:00.391,51,0.00159338,0.26468512,0.18160334,0.01963722,0.04049660,0.00572791,0.28638607,0.00047087,0.21705930,0.02590055,0.16887832,0.05479884,0.00515411,0.53594548,0.00043483,0.00349958,0.02990798,0.41982839,0.00074765,0.00461979,0.04699028,0.00036637,0.00113132,0.00007190,0.00010476,0.01554844,0.02295724,0.00898383,0.02515102,0.00022552,0.00392848,0.06725013,0.02058280,0.02722158,0.08894010,0.00417312,0.02377360,0.57546771,0.52552146,0.00561476,0.00704444,0.00000440,0.00008443,0.80482447,0.81317633,0.70575798,0.00022617,0.00000305,0.00000640,0.00001175,0.00000440,0,0.10817731595094286,-0.06051583156215805,0.06520931921655229,0.40052637457847595,0.4302419126033783,0,0.40052637457847595,0.4302419126033783,0
00:00:13:01.392,51,0.00149809,0.27298516,0.17706203,0.02115887,0.04312640,0.00617193,0.31731585,0.00053952,0.21577755,0.02678476,0.16474079,0.06100515,0.00677920,0.53778493,0.00062565,0.00292951,0.03051989,0.48615202,0.00077442,0.00476341,0.02022792,0.00023004,0.00104858,0.00034287,0.00061489,0.05138425,0.08674703,0.01348320,0.03577893,0.00045844,0.01111901,0.04123947,0.01640721,0.01854879,0.08577164,0.00456051,0.02932875,0.65174490,0.56619644,0.01095698,0.01430578,0.00000829,0.00012649,0.75332528,0.76196516,0.68843293,0.00040338,0.00000374,0.00000714,0.00001375,0.00000829,0,0.1105656667045139,-0.05238894656594566,0.0660485323955447,0.40077513456344604,0.4316258430480957,0,0.40077513456344604,0.4316258430480957,0
00:00:13:02.393,51,0.00169660,0.28771630,0.15434833,0.02836682,0.04608730,0.00692758,0.30571049,0.00048663,0.22841550,0.03463227,0.13892774,0.06716385,0.00474748,0.58413911,0.00117836,0.00242371,0.05989810,0.60942388,0.00066221,0.00643255,0.01001142,0.00023256,0.00090437,0.00226664,0.00399291,0.06971838,0.11685397,0.02754989,0.05835580,0.00141963,0.02332088,0.01832807,0.01549460,0.00909253,0.06359932,0.00839035,0.03384249,0.81163192,0.76169813,0.01747528,0.02160694,0.00001401,0.00017498,0.72058070,0.74838829,0.68991816,0.00083951,0.00000370,0.00001331,0.00002464,0.00001401,0,0.1281032155517659,-0.05663262378399986,0.0670063055146709,0.4022180140018463,0.4307585060596466,0,0.4022180140018463,0.4307585060596466,0
00:00:13:03.394,51,0.00142461,0.26698416,0.18056510,0.02302462,0.05002729,0.00606486,0.32981178,0.00040599,0.20838803,0.02791559,0.16121538,0.07224546,0.00465688,0.61044902,0.00084135,0.00328850,0.04103601,0.57240319,0.00092510,0.00500417,0.01458198,0.00016973,0.00138242,0.00072460,0.00109547,0.04137993,0.07209411,0.02245843,0.03599184,0.00078309,0.01420875,0.02822542,0.01968458,0.01052392,0.04547482,0.00693563,0.02753388,0.71899962,0.67736948,0.00753107,0.00772084,0.00000874,0.00013668,0.74018991,0.76557833,0.69900024,0.00054068,0.00000297,0.00001143,0.00001657,0.00000874,0,0.1126945698077197,-0.05619638809781186,0.06931834074446452,0.4019089639186859,0.43051445484161377,0,0.4019089639186859,0.43051445484161377,0
00:00:13:04.395,51,0.00137320,0.24333802,0.20957288,0.01780941,0.05240446,0.00620775,0.33866417,0.00043705,0.19046216,0.02297858,0.19284959,0.07326698,0.00397479,0.58374321,0.00064275,0.00314625,0.04702424,0.54704058,0.00086339,0.00519246,0.02407066,0.00024104,0.00120792,0.00029645,0.00045517,0.03602516,0.06436535,0.01845995,0.03070391,0.00040948,0.01065617,0.04166066,0.01929623,0.01635019,0.06056524,0.00594274,0.02739694,0.65984625,0.61768770,0.00663421,0.00670556,0.00000762,0.00007392,0.81450832,0.81241524,0.76460582,0.00043237,0.00000335,0.00001075,0.00001779,0.00000762,0,0.11108436101320249,-0.056076544724008796,0.06680277827699833,0.4014822840690613,0.43037354946136475,0,0.4014822840690613,0.43037354946136475,0
00:00:13:05.396,51,0.00146687,0.28985667,0.18652977,0.02225892,0.04461884,0.00767802,0.32969689,0.00049620,0.23642349,0.02610604,0.17091967,0.06188525,0.00501636,0.58431023,0.00082466,0.00255242,0.04482106,0.57078218,0.00087134,0.00461672,0.01271752,0.00020766,0.00108100,0.00079871,0.00108969,0.06246015,0.10074601,0.02216055,0.03524794,0.00094566,0.01212822,0.03060731,0.01956698,0.01138959,0.04820219,0.00777803,0.02524187,0.68948412,0.65282911,0.00908389,0.00901755,0.00000940,0.00008713,0.77364552,0.79714209,0.74983543,0.00060013,0.00000338,0.00001013,0.00001741,0.00000940,0,0.12708559551945942,-0.05662651654830087,0.0665718859105435,0.40188106894493103,0.4315049350261688,0,0.40188106894493103,0.4315049350261688,0
00:00:13:06.397,51,0.00120065,0.28955504,0.15322854,0.02574238,0.04054086,0.00594488,0.36187577,0.00047054,0.25689563,0.03663292,0.12733348,0.04928197,0.00409106,0.57800233,0.00068183,0.00274814,0.03468176,0.50112200,0.00092223,0.00436341,0.01670386,0.00019140,0.00144139,0.00039396,0.00045272,0.02712299,0.03919717,0.01567704,0.02609388,0.00078480,0.00605119,0.03625996,0.02201190,0.01284738,0.05146264,0.00724992,0.02226761,0.64956594,0.59959853,0.00872888,0.00860565,0.00000530,0.00002869,0.86761451,0.87378079,0.85903537,0.00043801,0.00000274,0.00000788,0.00001424,0.00000530,0,0.12693366459471828,-0.05665190660741952,0.06644737264796555,0.40233439207077026,0.43266579508781433,0,0.40233439207077026,0.43266579508781433,0
00:00:13:07.398,51,0.00137221,0.32819667,0.19184972,0.02197745,0.03927718,0.00613757,0.36132964,0.00053686,0.29768318,0.02962746,0.16594225,0.04667675,0.00325269,0.59342313,0.00118779,0.00223152,0.05174048,0.56483257,0.00068970,0.00738395,0.01147566,0.00018116,0.00124415,0.00208530,0.00305013,0.06328042,0.09892222,0.02611549,0.03990927,0.00166358,0.01750710,0.02037351,0.01631160,0.00807909,0.06474088,0.00840460,0.02677662,0.77834684,0.73122191,0.01945321,0.02134820,0.00001012,0.00002199,0.89426482,0.89004672,0.89189136,0.00079556,0.00000390,0.00001204,0.00002412,0.00001012,0,0.14661431231546196,-0.06942861532708187,0.06729113087568556,0.4012685716152191,0.43333879113197327,0,0.4012685716152191,0.43333879113197327,0
00:00:13:08.399,51,0.00128551,0.30494979,0.19670913,0.01981719,0.03955175,0.00585105,0.35457978,0.00046760,0.27478376,0.02819606,0.16864371,0.04677427,0.00308201,0.59078461,0.00080526,0.00228113,0.05663586,0.54921925,0.00068942,0.00779581,0.02207166,0.00011375,0.00240519,0.00062786,0.00085161,0.03633152,0.05629615,0.01790299,0.02744232,0.00090642,0.00918472,0.02661080,0.01633163,0.01028452,0.07101610,0.00562154,0.02154369,0.72185934,0.66353220,0.01175668,0.01238288,0.00000666,0.00002492,0.88767457,0.87013417,0.87968349,0.00050666,0.00000318,0.00000951,0.00001891,0.00000666,0,0.144246986613871,-0.06315920137903022,0.06733157602445296,0.40174999833106995,0.43363407254219055,0,0.40174999833106995,0.43363407254219055,0
00:00:13:09.400,51,0.00108027,0.29068264,0.12578662,0.03204644,0.03896892,0.00587882,0.37000966,0.00032970,0.27316728,0.04662985,0.09976701,0.04449744,0.00351342,0.63981545,0.00069685,0.00324942,0.02471073,0.45340621,0.00109312,0.00502415,0.01568910,0.00021581,0.00148494,0.00043467,0.00050355,0.01929130,0.02546387,0.01335524,0.02696204,0.00086268,0.00523941,0.03451394,0.02547284,0.01072142,0.04942501,0.00825234,0.02583141,0.62501907,0.56751323,0.00782454,0.00856904,0.00000452,0.00000935,0.92331147,0.91780019,0.92464006,0.00041607,0.00000284,0.00000758,0.00001275,0.00000452,0,0.11215336370564219,-0.06842743559415868,0.06472956922718268,0.40296071767807007,0.4335389733314514,0,0.40296071767807007,0.4335389733314514,0
00:00:13:10.401,51,0.00117942,0.34207657,0.09851881,0.04954780,0.03942013,0.00792379,0.41300061,0.00042216,0.32154897,0.05971099,0.08133075,0.04225032,0.00318764,0.62243021,0.00110267,0.00204869,0.06260297,0.61224103,0.00083077,0.00822406,0.01338606,0.00015676,0.00179346,0.00185344,0.00261866,0.01636172,0.02953139,0.03494171,0.04232949,0.00089125,0.01497426,0.01492479,0.01789165,0.00510541,0.03556961,0.00784792,0.02284752,0.76448458,0.72316122,0.01063150,0.01069890,0.00000755,0.00001325,0.91041690,0.91025120,0.92925596,0.00072604,0.00000227,0.00001221,0.00002116,0.00000755,0,0.12975178711586033,-0.07004577380140643,0.06799933722311584,0.4035736918449402,0.4346667528152466,0,0.4035736918449402,0.4346667528152466,0
00:00:13:11.402,51,0.00132313,0.33431259,0.19952926,0.02128167,0.03865306,0.00718295,0.36353201,0.00044711,0.31262213,0.02510874,0.18816325,0.04107611,0.00323119,0.60248804,0.00071843,0.00368332,0.03958453,0.58563268,0.00110839,0.00557937,0.01550910,0.00049392,0.00072205,0.00060084,0.00088584,0.00914821,0.01686459,0.03133075,0.04602169,0.00035372,0.00884069,0.02744079,0.02608488,0.00874627,0.03351543,0.00803331,0.02720286,0.66468465,0.62063259,0.00536525,0.00536920,0.00000636,0.00001867,0.88180035,0.89055997,0.90041566,0.00051305,0.00000229,0.00001054,0.00001540,0.00000636,0,0.1275830671089693,-0.07013869551464533,0.06820196497126275,0.4024050831794739,0.43629348278045654,0,0.4024050831794739,0.43629348278045654,0
00:00:13:12.403,51,0.00176731,0.36801445,0.17334314,0.02697529,0.03445303,0.01058760,0.32110807,0.00044998,0.34821990,0.02679833,0.17064987,0.03579246,0.00361328,0.60005641,0.00073516,0.00317787,0.04363181,0.62109548,0.00071130,0.00583137,0.01372271,0.00020081,0.00181795,0.00082188,0.00108083,0.00623366,0.01186259,0.04348539,0.03843835,0.00040386,0.00796975,0.01822950,0.02557692,0.00625192,0.03510984,0.00807007,0.02210321,0.72247958,0.68152153,0.00880781,0.00755011,0.00000691,0.00002852,0.86599892,0.88098305,0.89036822,0.00059814,0.00000177,0.00000940,0.00001674,0.00000691,0,0.1183917083869786,-0.07046096101137345,0.06619022273387219,0.4022543430328369,0.43820542097091675,0,0.4022543430328369,0.43820542097091675,0
00:00:13:13.404,51,0.00169870,0.35151881,0.19303276,0.02468006,0.04013947,0.01193102,0.35409421,0.00058097,0.34047332,0.02580632,0.18438874,0.03946692,0.00411277,0.54656357,0.00096898,0.00243618,0.06334803,0.62922966,0.00082242,0.00572296,0.01259492,0.00011065,0.00262837,0.00127307,0.00155814,0.00567476,0.00939577,0.04551545,0.04417169,0.00056348,0.00635631,0.01400186,0.02354120,0.00381460,0.02086778,0.00699931,0.01729842,0.75397003,0.71156573,0.00570799,0.00497603,0.00000584,0.00002537,0.86253148,0.88742900,0.89335096,0.00071350,0.00000131,0.00000828,0.00001446,0.00000584,0,0.12289016605015123,-0.07351033607845635,0.06446754139796868,0.40243929624557495,0.4381098747253418,0,0.40243929624557495,0.4381098747253418,0
00:00:13:14.405,51,0.00189998,0.43797299,0.20906611,0.02213838,0.02709190,0.01098101,0.31020418,0.00044339,0.42707005,0.02328157,0.20626266,0.02674683,0.00415592,0.61293918,0.00094917,0.00377251,0.03916693,0.63939619,0.00071107,0.00761825,0.01417352,0.00016468,0.00242180,0.00127247,0.00153541,0.00286068,0.00535477,0.06409113,0.04667863,0.00041061,0.00605153,0.01119844,0.02705455,0.00305440,0.02059368,0.00845510,0.01857839,0.78844315,0.75128877,0.00892311,0.00722080,0.00000639,0.00002966,0.85247272,0.88573837,0.90476674,0.00067058,0.00000134,0.00000912,0.00001555,0.00000639,0,0.12295601329121118,-0.07822049802464534,0.06353968449345182,0.4026416838169098,0.43920087814331055,0,0.4026416838169098,0.43920087814331055,0
00:00:13:15.406,51,0.00172711,0.36922121,0.24619152,0.01766155,0.03349958,0.00989651,0.31523180,0.00049619,0.35698617,0.01875093,0.23980904,0.03417512,0.00398341,0.58720767,0.00093289,0.00297599,0.03725270,0.60992473,0.00065617,0.00788204,0.01404466,0.00010043,0.00281343,0.00150620,0.00232299,0.00650491,0.01316991,0.03986191,0.03446077,0.00052371,0.01256752,0.01129973,0.01938826,0.00337109,0.02841594,0.00601829,0.02105719,0.78898823,0.73688507,0.01326790,0.01148216,0.00000730,0.00003738,0.81877398,0.84789407,0.89446288,0.00066637,0.00000155,0.00000836,0.00001591,0.00000730,0,0.13354484891123386,-0.0734306856877763,0.0620814880084665,0.4024205803871155,0.43814581632614136,0,0.4024205803871155,0.43814581632614136,0
00:00:13:16.407,51,0.00176692,0.36843202,0.24021664,0.01723075,0.03526721,0.00996109,0.31821981,0.00054010,0.34903488,0.02229674,0.21682739,0.03731132,0.00512360,0.59633058,0.00089899,0.00256972,0.05163893,0.65054119,0.00069722,0.00556517,0.01514773,0.00006630,0.00470687,0.00092897,0.00095934,0.00540995,0.00933352,0.04710227,0.02893775,0.00060207,0.00598401,0.01201143,0.02583647,0.00318124,0.01791778,0.00654453,0.01427376,0.74545288,0.70556664,0.00676774,0.00450131,0.00000509,0.00002174,0.86585760,0.88912529,0.91601908,0.00058344,0.00000126,0.00000780,0.00001411,0.00000509,0,0.09939995333225016,-0.0658947460610546,0.05873429703640426,0.40444669127464294,0.43683063983917236,0,0.40444669127464294,0.43683063983917236,0
00:00:13:17.408,51,0.00124697,0.38954306,0.24530919,0.01638943,0.03250685,0.00851973,0.40857872,0.00051183,0.37496862,0.02162561,0.22404040,0.03207115,0.00328305,0.58145422,0.00113409,0.00140108,0.07595821,0.62527382,0.00052577,0.00709056,0.01105759,0.00004741,0.00444518,0.00274335,0.00375408,0.03587762,0.06090732,0.03515589,0.03091313,0.00157738,0.01852426,0.01134637,0.01405357,0.00516979,0.05214296,0.00643248,0.01899245,0.74692923,0.70270252,0.02573961,0.02326698,0.00000911,0.00002313,0.89629674,0.90733004,0.91934007,0.00090130,0.00000230,0.00001007,0.00002103,0.00000911,0,0.11648685119321435,-0.06522330568968847,0.06294150156578861,0.40409064292907715,0.4380973279476166,0,0.40409064292907715,0.4380973279476166,0
00:00:13:18.409,51,0.00183559,0.34689063,0.19174734,0.02298441,0.03904179,0.01243209,0.31506598,0.00079103,0.32498020,0.02929025,0.16933897,0.04266337,0.00646873,0.52681792,0.00079696,0.00182899,0.06608508,0.66705388,0.00074433,0.00518970,0.01298273,0.00006825,0.00341184,0.00117364,0.00115193,0.01638029,0.02389750,0.02589761,0.02864111,0.00127935,0.00591902,0.01029019,0.01755846,0.00398482,0.02429949,0.00571061,0.01289282,0.66820878,0.60267401,0.00711479,0.00558807,0.00000544,0.00002436,0.87461686,0.87942779,0.90274149,0.00062744,0.00000166,0.00000606,0.00001382,0.00000544,0,0.11198240505817339,-0.06555759972322697,0.06127008737915394,0.4059383273124695,0.43538281321525574,0,0.4059383273124695,0.43538281321525574,0
00:00:13:19.410,51,0.00262798,0.28929240,0.14390418,0.03335963,0.04711768,0.01681302,0.23511244,0.00076338,0.26211733,0.03530005,0.13494787,0.05650812,0.00742561,0.50505471,0.00082635,0.00211446,0.05645425,0.70575619,0.00058101,0.00743890,0.01578346,0.00004767,0.00536888,0.00206592,0.00225203,0.01248719,0.02038837,0.03800857,0.03436276,0.00130442,0.00791333,0.00757651,0.01114411,0.00329696,0.02977102,0.00578846,0.01308445,0.73627532,0.66605788,0.00943499,0.00734590,0.00000676,0.00009759,0.74579400,0.78522921,0.81719649,0.00070450,0.00000157,0.00000614,0.00001551,0.00000676,0,0.129425360201178,-0.07904575997142485,0.06023833281778756,0.40755024552345276,0.4355086088180542,0,0.40755024552345276,0.4355086088180542,0
00:00:13:20.411,51,0.00280605,0.31360564,0.16264233,0.02904870,0.04432886,0.01864772,0.23309265,0.00081812,0.27627644,0.03198338,0.14824417,0.05436163,0.00766947,0.49674344,0.00104957,0.00159978,0.07196664,0.69082987,0.00079787,0.01173168,0.01739750,0.00003379,0.00617257,0.00415272,0.00459651,0.01572992,0.02585907,0.03846888,0.03358956,0.00183752,0.01104232,0.00565437,0.00678272,0.00228938,0.02808713,0.00525311,0.01222112,0.65967345,0.60998714,0.00671253,0.00503391,0.00000716,0.00006503,0.78038847,0.79688919,0.82542408,0.00072200,0.00000192,0.00000653,0.00001347,0.00000716,0,0.11619027090779119,-0.06833744884214327,0.060635786766694615,0.40871208906173706,0.4343360364437103,0,0.40871208906173706,0.4343360364437103,0
